کدپرسنلی,نام و نام خانوادگی,عنوان شغلی,بخش,واحد تجاری,جنسیت,قومیت,سن,تاریخ استخدام,حقوق سالانه(دلار),جایزه,کشور,شهر
E02002,Kai Le,مهندس کنترل,مهندسی,تولید,مرد,آسیایی,47,2022-02-05,92368,0.0,آمریکا,کلمبوس
E02003,Robert Patel,تحلیلگر,حسابداری,شرکت‌های بزرگ,مرد,آسیایی,58,2013-10-23,45703,0.0,آمریکا,شیکاگو
E02004,Cameron Lo,مدیر شبکه,آی‌تی,تحقیق و توسعه,مرد,آسیایی,34,2019-03-24,83576,0.0,چین,شانگهای
E02005,Harper Castillo,مدیر توسعه,آی‌تی,شرکت‌های بزرگ,زن,لاتین,39,2018-04-07,98062,0.0,آمریکا,سیاتل
E02006,Harper Dominguez,کارگردان,مهندسی,شرکت‌های بزرگ,زن,لاتین,42,2005-06-18,175391,0.24,آمریکا,آستین
E02007,Ezra Vu,مدیر شبکه,آی‌تی,تولید,مرد,آسیایی,62,2004-04-22,66227,0.0,آمریکا,فینیکس
E02008,Jade Hu,تحلیلگر,حسابداری,محصولات تخصصی,زن,آسیایی,58,2009-06-27,89744,0.0,چین,چونگ‌کینگ
E02009,Miles Chang,تحلیلگر,حسابداری,شرکت‌های بزرگ,مرد,آسیایی,62,1999-02-19,69674,0.0,چین,چنگدو
E02010,Gianna Holmes,مدیر سیستم,آی‌تی,تولید,زن,آسیایی,38,2011-09-09,97630,0.0,آمریکا,سیاتل
E02011,Jameson Thomas,مدیر,حسابداری,محصولات تخصصی,مرد,آسیایی,52,2015-02-05,105879,0.1,آمریکا,میامی
E02012,Jameson Pena,تحلیلگر,آی‌تی,تولید,مرد,لاتین,49,2003-10-12,40499,0.0,آمریکا,میامی
E02013,Bella Wu,تحلیلگر,حسابداری,محصولات تخصصی,زن,آسیایی,63,2014-08-03,71418,0.0,آمریکا,فینیکس
E02014,Jose Wong,کارگردان,آی‌تی,تولید,مرد,آسیایی,45,2017-11-15,150558,0.23,چین,چونگ‌کینگ
E02015,Lucas Richardson,مدیر,بازاریابی,شرکت‌های بزرگ,مرد,آسیایی,36,2018-07-22,118912,0.08,آمریکا,میامی
E02016,Jacob Moore,مدیر,بازاریابی,شرکت‌های بزرگ,مرد,سیاه پوست,42,2021-03-24,131422,0.15,آمریکا,فینیکس
E02017,Luna Lu,مدیر توسعه,آی‌تی,شرکت‌های بزرگ,زن,آسیایی,62,1997-07-26,64208,0.0,آمریکا,میامی
E02018,Bella Tran,معاونت,مهندسی,محصولات تخصصی,زن,آسیایی,45,2010-08-05,254486,0.33,چین,چنگدو
E02019,Ivy Chau,تحلیلگر,حسابداری,محصولات تخصصی,زن,آسیایی,61,2019-03-03,54811,0.0,چین,چونگ‌کینگ
E02020,Jordan Kumar,تحلیلگر,آی‌تی,محصولات تخصصی,مرد,آسیایی,29,2017-11-11,95729,0.0,آمریکا,سیاتل
E02021,Sophia Gutierrez,مدیر,حسابداری,محصولات تخصصی,زن,لاتین,63,2009-02-08,102649,0.06,آمریکا,آستین
E02022,Eli Dang,مدیر,حسابداری,محصولات تخصصی,مرد,آسیایی,45,2015-11-16,122875,0.12,آمریکا,شیکاگو
E02023,Lillian Lewis,مهندس فنی,آی‌تی,تحقیق و توسعه,زن,سیاه پوست,43,2013-08-14,83323,0.0,آمریکا,فینیکس
E02024,Serenity Cao,مهندس فنی,حسابداری,تولید,زن,آسیایی,31,2018-10-21,66721,0.0,چین,شانگهای
E02025,Parker Lai,معاونت,حسابداری,محصولات تخصصی,مرد,آسیایی,48,2006-11-29,246400,0.36,چین,چونگ‌کینگ
E02026,Charles Simmons,مدیر,حسابداری,محصولات تخصصی,مرد,آسیایی,55,1997-10-27,113525,0.06,آمریکا,میامی
E02027,Jayden Luu,کارگردان,حسابداری,تولید,مرد,آسیایی,64,2004-05-13,184342,0.22,چین,پکن
E02028,Brooks Richardson,کارگردان,بازاریابی,محصولات تخصصی,مرد,آسیایی,58,2020-11-24,151341,0.22,آمریکا,سیاتل
E02029,Ivy Thompson,مدیر,بازاریابی,تولید,زن,آسیایی,50,2004-08-11,118900,0.05,آمریکا,سیاتل
E02030,Peyton Wright,مدیر,بازاریابی,شرکت‌های بزرگ,زن,سیاه پوست,41,2017-05-13,153370,0.1,آمریکا,شیکاگو
E02031,Wyatt Dinh,مدیر سیستم,آی‌تی,محصولات تخصصی,مرد,آسیایی,50,2002-03-15,72860,0.0,چین,شانگهای
E02032,Ruby Alexander,معاونت,حسابداری,تحقیق و توسعه,زن,آسیایی,59,2001-08-13,255610,0.36,آمریکا,فینیکس
E02033,Axel Oh,تحلیلگر,حسابداری,شرکت‌های بزرگ,مرد,آسیایی,26,2020-10-24,84962,0.0,چین,چنگدو
E02034,Axel Ramirez,مدیر,منابع انسانی,محصولات تخصصی,مرد,لاتین,55,2017-12-04,103795,0.07,آمریکا,سیاتل
E02035,Liliana Chang,تحلیلگر,آی‌تی,شرکت‌های بزرگ,زن,آسیایی,32,2018-01-11,97509,0.0,چین,شانگهای
E02036,Leonardo Carter,شریک تجاری,منابع انسانی,محصولات تخصصی,مرد,آسیایی,50,2022-09-07,54931,0.0,آمریکا,آستین
E02037,Landon Gonzales,مهندس آزمون,مهندسی,محصولات تخصصی,مرد,لاتین,54,2009-08-30,88689,0.0,آمریکا,فینیکس
E02038,Amelia Dominguez,مدیر,حسابداری,شرکت‌های بزرگ,زن,لاتین,31,2015-09-23,158184,0.15,برزیل,ریو دو ژانیرو
E02039,Silas Ross,تحلیلگر,بازاریابی,تحقیق و توسعه,مرد,آسیایی,47,2016-02-10,48523,0.0,آمریکا,آستین
E02040,Jeremiah Cheng,تحلیلگر,بازاریابی,محصولات تخصصی,مرد,آسیایی,26,2022-02-05,70946,0.0,چین,شانگهای
E02041,Chloe Chin,مدیر,حسابداری,محصولات تخصصی,زن,آسیایی,62,2021-11-13,134487,0.1,آمریکا,سیاتل
E02042,Ella Martinez,تحلیلگر,حسابداری,تحقیق و توسعه,زن,لاتین,35,2012-04-06,76111,0.0,آمریکا,شیکاگو
E02043,Gianna Jones,مدیر,حسابداری,تحقیق و توسعه,زن,آسیایی,48,1998-09-26,119220,0.09,آمریکا,کلمبوس
E02044,آستین Chow,معاونت,حسابداری,تولید,مرد,آسیایی,35,2021-04-11,180858,0.32,چین,چونگ‌کینگ
E02045,Ella Chen,مدیر,حسابداری,محصولات تخصصی,زن,آسیایی,45,2005-11-10,114072,0.08,آمریکا,فینیکس
E02046,Ruby Kaur,مهندس آزمون,مهندسی,تحقیق و توسعه,زن,آسیایی,26,2021-06-26,91672,0.0,چین,پکن
E02047,Savannah Morales,تحلیلگر,بازاریابی,شرکت‌های بزرگ,زن,لاتین,48,2005-01-26,71542,0.0,آمریکا,شیکاگو
E02048,Luca Powell,مهندس سازمانی,آی‌تی,محصولات تخصصی,مرد,آسیایی,33,2016-12-18,54700,0.0,آمریکا,میامی
E02049,Parker Thao,تحلیلگر,حسابداری,شرکت‌های بزرگ,مرد,آسیایی,55,2011-05-08,65022,0.0,چین,چونگ‌کینگ
E02050,Ryan Vo,مهندس زیرساخت ابری,آی‌تی,تحقیق و توسعه,مرد,آسیایی,38,2011-04-12,65109,0.0,آمریکا,فینیکس
E02051,Isabella Ngo,مدیر,حسابداری,محصولات تخصصی,زن,آسیایی,49,2022-01-01,126598,0.09,آمریکا,میامی
E02052,Leah Vega,مهندس زیرساخت ابری,آی‌تی,شرکت‌های بزرگ,زن,لاتین,52,2018-06-07,72388,0.0,آمریکا,میامی
E02053,Jaxson Liu,معاونت,حسابداری,شرکت‌های بزرگ,مرد,آسیایی,27,2021-05-18,205216,0.36,آمریکا,شیکاگو
E02054,Santiago f Ross,مهندس سازمانی,آی‌تی,محصولات تخصصی,مرد,آسیایی,34,2012-12-13,74004,0.0,آمریکا,کلمبوس
E02055,Layla Bell,معاونت,مهندسی,شرکت‌های بزرگ,زن,آسیایی,65,2001-07-26,203030,0.31,آمریکا,شیکاگو
E02056,Bella Morales,کارگردان,حسابداری,محصولات تخصصی,زن,لاتین,38,2016-05-10,194864,0.24,آمریکا,آستین
E02057,Eliza Kang,مدیر,آی‌تی,تولید,زن,آسیایی,63,2002-01-27,76659,0.05,آمریکا,فینیکس
E02058,Gabriel Reyes,مدیر,حسابداری,شرکت‌های بزرگ,مرد,لاتین,42,2005-06-10,101630,0.08,برزیل,سائو پائولو
E02059,Piper Garcia,مدیر,حسابداری,تحقیق و توسعه,زن,لاتین,60,1993-11-24,126929,0.12,برزیل,سائو پائولو
E02060,Jacob Cheng,کارگردان,حسابداری,تولید,مرد,آسیایی,47,1999-11-26,155890,0.17,آمریکا,کلمبوس
E02061,Nathan Hong,کارگردان,حسابداری,شرکت‌های بزرگ,مرد,آسیایی,50,2019-10-02,150631,0.17,آمریکا,فینیکس
E02062,Chloe Kim,تحلیلگر,حسابداری,محصولات تخصصی,زن,آسیایی,39,2012-07-06,72850,0.0,آمریکا,میامی
E02063,Isaac Guzman,مهندس فنی,حسابداری,شرکت‌های بزرگ,مرد,لاتین,46,2010-08-18,57951,0.0,آمریکا,فینیکس
E02064,Julian Ford,تحلیلگر,حسابداری,تولید,مرد,آسیایی,50,2010-07-29,70340,0.0,آمریکا,میامی
E02065,Kinsley Liang,مهندس اتوماسیون,مهندسی,تولید,زن,آسیایی,55,2008-08-25,98221,0.0,چین,شانگهای
E02066,Wesley Yu,مدیر,حسابداری,محصولات تخصصی,مرد,آسیایی,43,2003-09-24,127175,0.12,آمریکا,سیاتل
E02067,Serenity Martin,تحلیلگر,حسابداری,تولید,زن,سیاه پوست,26,2021-05-16,97542,0.0,آمریکا,فینیکس
E02068,Ethan Sanchez,تحلیلگر,بازاریابی,تحقیق و توسعه,مرد,لاتین,34,2019-05-15,81646,0.0,آمریکا,فینیکس
E02069,David Sanchez,کارگردان,حسابداری,محصولات تخصصی,مرد,لاتین,38,2009-07-05,182055,0.27,برزیل,ریو دو ژانیرو
E02070,Elias Hsu,تحلیلگر,بازاریابی,محصولات تخصصی,مرد,آسیایی,35,2022-01-23,86777,0.0,چین,چنگدو
E02071,Luca Phan,مدیر,بازاریابی,شرکت‌های بزرگ,مرد,آسیایی,39,2015-06-17,129949,0.09,چین,پکن
E02072,Olivia Xi,مدیر,حسابداری,محصولات تخصصی,زن,آسیایی,26,2020-08-19,124535,0.06,آمریکا,شیکاگو
E02073,Alice Luu,مدیر سیستم,آی‌تی,تحقیق و توسعه,زن,آسیایی,60,1993-07-17,81083,0.0,آمریکا,کلمبوس
E02074,Leonardo Ng,تحلیلگر,بازاریابی,شرکت‌های بزرگ,مرد,آسیایی,32,2019-06-10,57727,0.0,چین,چنگدو
E02075,Peyton Edwards,تحلیلگر,حسابداری,تولید,زن,آسیایی,65,2020-07-11,59344,0.0,آمریکا,کلمبوس
E02076,Axel Patel,تحلیلگر,حسابداری,تحقیق و توسعه,مرد,آسیایی,27,2022-09-13,73203,0.0,آمریکا,میامی
E02077,Eva Chavez,مدیر توسعه,آی‌تی,محصولات تخصصی,زن,لاتین,63,2004-01-17,83070,0.0,برزیل,سائو پائولو
E02078,Savannah Lee,مدیر,منابع انسانی,تحقیق و توسعه,زن,آسیایی,51,2020-07-22,104008,0.1,چین,پکن
E02079,Mia Grant,مدیر سیستم,آی‌تی,شرکت‌های بزرگ,زن,آسیایی,43,2007-02-16,70923,0.0,آمریکا,کلمبوس
E02080,Eli Richardson,مدیر,بازاریابی,محصولات تخصصی,مرد,سیاه پوست,31,2018-04-08,159121,0.14,آمریکا,فینیکس
E02081,Eloise Perry,مدیر,منابع انسانی,تحقیق و توسعه,زن,آسیایی,26,2020-12-02,88921,0.0,آمریکا,شیکاگو
E02082,Ian Cheng,مدیر,حسابداری,محصولات تخصصی,مرد,آسیایی,46,2015-08-30,126704,0.14,آمریکا,فینیکس
E02083,Penelope Chan,تحلیلگر,حسابداری,تولید,زن,آسیایی,59,2012-05-20,57704,0.0,چین,شانگهای
E02084,Sofia Vasquez,کارگردان,حسابداری,تحقیق و توسعه,زن,لاتین,52,1996-07-29,191455,0.24,برزیل,سائو پائولو
E02085,Anthony Baker,مدیر سیستم,آی‌تی,تولید,مرد,آسیایی,31,2021-06-03,99937,0.0,آمریکا,فینیکس
E02086,Lucas Luong,تحلیلگر,بازاریابی,محصولات تخصصی,مرد,آسیایی,42,2008-03-12,40778,0.0,چین,چنگدو
E02087,Xavier Patel,کارگردان,بازاریابی,محصولات تخصصی,مرد,آسیایی,53,2021-11-16,187740,0.16,آمریکا,کلمبوس
E02088,Robert Soto,تحلیلگر,منابع انسانی,تحقیق و توسعه,مرد,لاتین,47,2008-09-10,72384,0.0,برزیل,ریو دو ژانیرو
E02089,Nevaeh Jiang,مدیر,بازاریابی,شرکت‌های بزرگ,زن,آسیایی,45,2016-08-05,143318,0.12,چین,چنگدو
E02090,Chloe Reyes,کارگردان,منابع انسانی,محصولات تخصصی,زن,لاتین,45,2008-06-18,191304,0.17,آمریکا,فینیکس
E02091,Lucy Edwards,کارگردان,منابع انسانی,محصولات تخصصی,زن,سیاه پوست,33,2015-03-16,175875,0.21,آمریکا,کلمبوس
E02092,Luna Edwards,مدیر,حسابداری,تحقیق و توسعه,زن,سیاه پوست,42,2014-04-13,106726,0.09,آمریکا,سیاتل
E02093,Stella Daniels,مهندس زیرساخت ابری,آی‌تی,تولید,زن,سیاه پوست,37,2011-10-30,72637,0.0,آمریکا,کلمبوس
E02094,Ayla Ma,مدیر,بازاریابی,شرکت‌های بزرگ,زن,آسیایی,27,2022-12-05,118304,0.07,چین,شانگهای
E02095,Matthew Avila,مدیر,آی‌تی,تولید,مرد,لاتین,55,2003-06-17,68592,0.08,برزیل,سائو پائولو
E02096,Gianna Lim,تحلیلگر,حسابداری,تحقیق و توسعه,زن,آسیایی,46,2006-04-01,42532,0.0,چین,چونگ‌کینگ
E02097,Joseph Tan,مهندس فنی,آی‌تی,تحقیق و توسعه,مرد,آسیایی,37,2015-08-20,65073,0.0,چین,شانگهای
E02098,Connor Lai,کارگردان,مهندسی,شرکت‌های بزرگ,مرد,آسیایی,32,2019-09-22,111035,0.12,آمریکا,شیکاگو
E02099,Ava Owens,تحلیلگر,حسابداری,محصولات تخصصی,زن,آسیایی,28,2020-02-07,63066,0.0,آمریکا,سیاتل
E02100,Dylan Aguilar,کارگردان,مهندسی,شرکت‌های بزرگ,مرد,لاتین,49,2007-03-27,186192,0.27,برزیل,سائو پائولو
E02101,Leah Zheng,کارگردان,مهندسی,شرکت‌های بزرگ,زن,آسیایی,52,2016-06-18,182938,0.23,چین,چنگدو
E02102,Jade Pham,تحلیلگر,حسابداری,تولید,زن,آسیایی,61,2017-12-12,53931,0.0,چین,شانگهای
E02103,Theodore Bui,معاونت,حسابداری,محصولات تخصصی,مرد,آسیایی,53,2012-05-13,252140,0.38,چین,پکن
E02104,Asher Chan,مدیر,منابع انسانی,شرکت‌های بزرگ,مرد,آسیایی,40,2018-08-18,73041,0.0,چین,شانگهای
E02105,Ezekiel Brown,مدیر,حسابداری,شرکت‌های بزرگ,مرد,آسیایی,27,2022-03-14,120315,0.08,آمریکا,میامی
E02106,Peyton Allen,مدیر,بازاریابی,محصولات تخصصی,زن,آسیایی,26,2020-11-23,112264,0.05,آمریکا,شیکاگو
E02107,Parker Joseph,تحلیلگر,آی‌تی,محصولات تخصصی,مرد,آسیایی,53,2000-01-21,55039,0.0,آمریکا,سیاتل
E02108,Kayden Ortiz,مدیر,حسابداری,محصولات تخصصی,مرد,لاتین,33,2013-07-29,134782,0.15,برزیل,مانائوس
E02109,Lillian Desai,کارگردان,مهندسی,تولید,زن,آسیایی,27,2022-12-12,92806,0.0,چین,چنگدو
E02110,Avery Gutierrez,معاونت,بازاریابی,شرکت‌های بزرگ,زن,لاتین,56,2016-07-02,181028,0.38,آمریکا,فینیکس
E02111,Caroline Sandoval,تحلیلگر,حسابداری,شرکت‌های بزرگ,زن,لاتین,36,2013-10-03,48117,0.0,برزیل,سائو پائولو
E02112,Hailey Lim,کارگردان,بازاریابی,شرکت‌های بزرگ,زن,آسیایی,47,2005-01-06,192753,0.17,چین,چونگ‌کینگ
E02113,Roman Liang,تحلیلگر,حسابداری,تولید,مرد,آسیایی,28,2021-03-04,85206,0.0,چین,چونگ‌کینگ
E02114,Elias Rojas,مهندس فنی,حسابداری,تولید,مرد,لاتین,30,2018-01-07,58290,0.0,آمریکا,شیکاگو
E02115,Quinn Lai,تحلیلگر,آی‌تی,تحقیق و توسعه,زن,آسیایی,58,2003-08-28,41946,0.0,آمریکا,فینیکس
E02116,Clara Le,تحلیلگر,آی‌تی,شرکت‌های بزرگ,زن,آسیایی,56,2021-03-15,79388,0.0,چین,پکن
E02117,Chloe Yoon,مدیر شبکه,آی‌تی,شرکت‌های بزرگ,زن,آسیایی,65,2002-02-25,83854,0.0,آمریکا,سیاتل
E02118,Abigail Simmons,مدیر,آی‌تی,محصولات تخصصی,زن,آسیایی,29,2018-04-24,126550,0.15,آمریکا,میامی
E02119,Ayla Espinoza,کارگردان,منابع انسانی,تحقیق و توسعه,زن,لاتین,60,1993-10-01,199705,0.26,برزیل,ریو دو ژانیرو
E02120,Nova Lin,معاونت,حسابداری,محصولات تخصصی,زن,آسیایی,31,2019-04-09,201235,0.32,آمریکا,آستین
E02121,Sadie Singh,کارگردان,مهندسی,محصولات تخصصی,زن,آسیایی,45,2022-03-16,182717,0.26,آمریکا,کلمبوس
E02122,Aaron Powell,مهندس سازمانی,آی‌تی,تحقیق و توسعه,مرد,سیاه پوست,30,2017-09-11,79975,0.0,آمریکا,شیکاگو
E02123,Jameson Vargas,کارگردان,منابع انسانی,محصولات تخصصی,مرد,لاتین,36,2011-07-24,196554,0.2,برزیل,ریو دو ژانیرو
E02124,Logan Young,معاونت,آی‌تی,شرکت‌های بزرگ,مرد,سیاه پوست,39,2010-08-16,239395,0.33,آمریکا,سیاتل
E02125,Wyatt Cheung,تحلیلگر,حسابداری,محصولات تخصصی,مرد,آسیایی,44,2013-07-25,53703,0.0,چین,پکن
E02126,Lucas Zhu,مدیر,آی‌تی,تولید,مرد,آسیایی,53,2011-03-14,123480,0.08,چین,پکن
E02127,Emily Hong,مهندس سازمانی,آی‌تی,محصولات تخصصی,زن,آسیایی,46,2021-01-09,41197,0.0,چین,پکن
E02128,Luke Ramos,مهندس فنی,حسابداری,شرکت‌های بزرگ,مرد,لاتین,30,2018-07-28,72463,0.0,برزیل,مانائوس
E02129,Maya Gupta,کارگردان,مهندسی,شرکت‌های بزرگ,زن,آسیایی,28,2019-08-04,87675,0.0,چین,پکن
E02130,Eliana Ha,تحلیلگر,حسابداری,محصولات تخصصی,زن,آسیایی,35,2020-12-15,55833,0.0,چین,چنگدو
E02131,Lillian Cheng,تحلیلگر,حسابداری,تحقیق و توسعه,زن,آسیایی,58,1996-08-20,58208,0.0,چین,چنگدو
E02132,Alexander Pena,تحلیلگر,حسابداری,محصولات تخصصی,مرد,لاتین,47,2002-05-24,75633,0.0,آمریکا,شیکاگو
E02133,Leonardo Mai,تحلیلگر,بازاریابی,محصولات تخصصی,مرد,آسیایی,43,2007-01-28,79090,0.0,چین,چنگدو
E02134,Jack Phillips,تحلیلگر,حسابداری,تولید,مرد,سیاه پوست,47,2015-07-27,66138,0.0,آمریکا,فینیکس
E02135,Scarlett Delgado,مهندس زیرساخت ابری,آی‌تی,تحقیق و توسعه,زن,لاتین,57,2013-08-28,80728,0.0,برزیل,ریو دو ژانیرو
E02136,Jack Rogers,تحلیلگر,آی‌تی,شرکت‌های بزرگ,مرد,سیاه پوست,47,2005-02-01,46202,0.0,آمریکا,فینیکس
E02137,Violet Huynh,مدیر,حسابداری,تحقیق و توسعه,زن,آسیایی,50,2008-02-29,123096,0.1,چین,شانگهای
E02138,Victoria Park,تحلیلگر,بازاریابی,تحقیق و توسعه,زن,آسیایی,27,2020-03-18,45989,0.0,آمریکا,شیکاگو
E02139,Elizabeth Rodriguez,مدیر,حسابداری,شرکت‌های بزرگ,زن,لاتین,26,2021-08-13,140756,0.13,برزیل,سائو پائولو
E02140,Samuel Kumar,مهندس کنترل,آی‌تی,شرکت‌های بزرگ,مرد,آسیایی,43,2009-03-09,85261,0.0,چین,چنگدو
E02141,Zoe Maldonado,معاونت,حسابداری,شرکت‌های بزرگ,زن,لاتین,49,1998-09-25,198222,0.34,برزیل,سائو پائولو
E02142,Natalia Richardson,مدیر,حسابداری,تحقیق و توسعه,زن,آسیایی,36,2017-06-02,150825,0.1,آمریکا,کلمبوس
E02143,Madeline Contreras,تحلیلگر,حسابداری,شرکت‌های بزرگ,زن,لاتین,51,1995-10-31,59311,0.0,برزیل,سائو پائولو
E02144,Raelynn Espinoza,تحلیلگر,حسابداری,شرکت‌های بزرگ,زن,لاتین,46,2002-09-12,44411,0.0,برزیل,مانائوس
E02145,Noah Rojas,تحلیلگر,حسابداری,تولید,مرد,لاتین,37,2019-11-14,69408,0.0,آمریکا,شیکاگو
E02146,Jack Ramos,تحلیلگر,حسابداری,تولید,مرد,لاتین,43,2018-06-17,96759,0.0,برزیل,مانائوس
E02147,Riley King,کارگردان,بازاریابی,محصولات تخصصی,زن,سیاه پوست,53,2013-08-10,163480,0.15,آمریکا,کلمبوس
E02148,Naomi Lee,مدیر سیستم,آی‌تی,تحقیق و توسعه,زن,آسیایی,58,2014-04-15,91132,0.0,چین,پکن
E02149,Caleb Jones,مدیر,بازاریابی,شرکت‌های بزرگ,مرد,آسیایی,57,1996-07-10,122825,0.08,آمریکا,میامی
E02150,Peyton Alvarado,تحلیلگر,آی‌تی,تولید,زن,لاتین,31,2015-10-24,73612,0.0,برزیل,ریو دو ژانیرو
E02151,Luca Liu,مهندس فنی,حسابداری,تولید,مرد,آسیایی,40,2007-06-22,70561,0.0,چین,چونگ‌کینگ
E02152,Christian Johnson,مهندس شبکه,آی‌تی,تحقیق و توسعه,مرد,سیاه پوست,47,2008-05-25,60331,0.0,آمریکا,میامی
E02153,Kinsley Gonzales,تحلیلگر,آی‌تی,تولید,زن,لاتین,51,2007-05-05,48772,0.0,برزیل,ریو دو ژانیرو
E02154,Hunter Yoon,مدیر شبکه,آی‌تی,تحقیق و توسعه,مرد,آسیایی,57,2020-10-02,90599,0.0,چین,چونگ‌کینگ
E02155,Elias Dixon,مهندس سازمانی,آی‌تی,شرکت‌های بزرگ,مرد,آسیایی,46,2021-11-22,55643,0.0,آمریکا,کلمبوس
E02156,Owen Guerrero,کارگردان,مهندسی,شرکت‌های بزرگ,مرد,لاتین,40,2022-09-03,97938,0.0,آمریکا,شیکاگو
E02157,Lucas Lo,تحلیلگر,حسابداری,تحقیق و توسعه,مرد,آسیایی,43,2004-01-18,49627,0.0,چین,پکن
E02158,Hunter Mitchell,مهندس سازمانی,آی‌تی,تحقیق و توسعه,مرد,آسیایی,54,2021-04-17,58137,0.0,آمریکا,کلمبوس
E02159,Eliana Bailey,مدیر,حسابداری,تحقیق و توسعه,زن,سیاه پوست,27,2021-01-02,120586,0.15,آمریکا,سیاتل
E02160,Gabriella Choi,تحلیلگر,حسابداری,تولید,زن,آسیایی,56,1999-08-15,72925,0.0,آمریکا,سیاتل
E02161,Evelyn Alvarado,مدیر شبکه,آی‌تی,محصولات تخصصی,زن,لاتین,36,2022-08-12,83548,0.0,آمریکا,میامی
E02162,Wyatt Chan,مدیر,حسابداری,تولید,مرد,آسیایی,53,2005-06-28,128226,0.08,چین,شانگهای
E02163,Sarah Johnson,کارگردان,مهندسی,تحقیق و توسعه,زن,آسیایی,31,2018-03-06,150653,0.24,آمریکا,آستین
E02164,Brooks Evans,مهندس فنی,حسابداری,محصولات تخصصی,مرد,آسیایی,45,2016-05-04,80989,0.0,آمریکا,کلمبوس
E02165,Isaiah Dixon,مهندس توسعه,مهندسی,شرکت‌های بزرگ,مرد,آسیایی,29,2022-02-27,74901,0.0,آمریکا,آستین
E02166,Addison Lo,مهندس زیرساخت ابری,آی‌تی,تحقیق و توسعه,زن,آسیایی,27,2020-08-28,68712,0.0,آمریکا,کلمبوس
E02167,Nolan Howard,مهندس کیفیت,مهندسی,تحقیق و توسعه,مرد,آسیایی,26,2022-04-18,82963,0.0,آمریکا,آستین
E02168,Paisley Dominguez,کارگردان,مهندسی,تحقیق و توسعه,زن,لاتین,53,2009-06-14,123203,0.1,آمریکا,آستین
E02169,Eliana Ho,کارگردان,حسابداری,شرکت‌های بزرگ,زن,آسیایی,64,2012-09-05,195416,0.22,چین,چنگدو
E02170,Charles Miller,کارگردان,بازاریابی,تولید,مرد,سیاه پوست,32,2018-06-07,156418,0.23,آمریکا,کلمبوس
E02171,Mia Jiang,معاونت,حسابداری,تولید,زن,آسیایی,42,2015-06-19,255892,0.38,آمریکا,میامی
E02172,Skylar Parker,مهندس فنی,آی‌تی,شرکت‌های بزرگ,زن,آسیایی,31,2018-08-05,96195,0.0,آمریکا,فینیکس
E02173,Zoey Leung,مدیر شبکه,آی‌تی,تحقیق و توسعه,زن,آسیایی,40,2007-09-27,77637,0.0,چین,چونگ‌کینگ
E02174,آستین Moua,مهندس آزمون,مهندسی,تحقیق و توسعه,مرد,آسیایی,46,2003-05-27,79294,0.0,چین,چنگدو
E02175,Christopher Robinson,معاونت,حسابداری,محصولات تخصصی,مرد,آسیایی,35,2016-07-11,254287,0.31,آمریکا,آستین
E02176,Jayden Zhang,مهندس سازمانی,آی‌تی,محصولات تخصصی,مرد,آسیایی,64,1994-06-27,70516,0.0,چین,چنگدو
E02177,Cora Mejia,تحلیلگر,حسابداری,تحقیق و توسعه,زن,لاتین,58,2014-06-07,98296,0.0,برزیل,مانائوس
E02178,Julian Harris,مهندس توسعه,مهندسی,تولید,مرد,آسیایی,61,2015-12-30,98565,0.0,آمریکا,فینیکس
E02179,Anthony Espinoza,تحلیلگر,حسابداری,تولید,مرد,لاتین,41,2020-11-16,59149,0.0,برزیل,ریو دو ژانیرو
E02180,Aubrey Ruiz,تحلیلگر,بازاریابی,محصولات تخصصی,زن,لاتین,25,2021-01-11,70126,0.0,برزیل,سائو پائولو
E02181,Piper Tang,معاونت,منابع انسانی,تولید,زن,آسیایی,50,2011-07-28,216787,0.33,چین,پکن
E02182,Colton Delgado,مدیر,حسابداری,تحقیق و توسعه,مرد,لاتین,61,2006-10-22,156512,0.13,برزیل,ریو دو ژانیرو
E02183,Madeline Chung,تحلیلگر,حسابداری,تحقیق و توسعه,زن,آسیایی,63,2011-05-26,44444,0.0,آمریکا,میامی
E02184,Ariana Sharma,معاونت,حسابداری,تحقیق و توسعه,زن,آسیایی,45,2014-01-24,257725,0.34,آمریکا,سیاتل
E02185,Julian Marquez,مدیر,حسابداری,محصولات تخصصی,مرد,لاتین,33,2013-09-14,122408,0.11,برزیل,ریو دو ژانیرو
E02186,Logan Reyes,مهندس کیفیت,مهندسی,شرکت‌های بزرگ,مرد,لاتین,62,1995-04-10,78251,0.0,برزیل,سائو پائولو
E02187,Penelope Mai,معاونت,حسابداری,شرکت‌های بزرگ,زن,آسیایی,43,2004-05-02,252938,0.35,آمریکا,آستین
E02188,Ryan Reed,تحلیلگر,حسابداری,تولید,مرد,سیاه پوست,48,2019-10-28,90296,0.0,آمریکا,آستین
E02189,Grayson Hwang,تحلیلگر,حسابداری,شرکت‌های بزرگ,مرد,آسیایی,42,2013-04-23,91689,0.0,چین,چونگ‌کینگ
E02190,Ezra Tan,مدیر,حسابداری,شرکت‌های بزرگ,مرد,آسیایی,49,1999-12-22,158028,0.12,چین,چنگدو
E02191,David Ha,مهندس فنی,حسابداری,شرکت‌های بزرگ,مرد,آسیایی,33,2022-07-27,89759,0.0,چین,چونگ‌کینگ
E02192,Lillian Vang,مهندس فنی,آی‌تی,تحقیق و توسعه,زن,آسیایی,39,2015-09-13,78640,0.0,چین,چونگ‌کینگ
E02193,Sofia Zhang,تحلیلگر,حسابداری,محصولات تخصصی,زن,آسیایی,51,2005-01-11,55368,0.0,آمریکا,شیکاگو
E02194,Athena Daniels,مدیر شبکه,آی‌تی,محصولات تخصصی,زن,آسیایی,49,2021-05-23,78164,0.0,آمریکا,سیاتل
E02195,Jameson Shin,تحلیلگر,بازاریابی,تحقیق و توسعه,مرد,آسیایی,30,2020-05-14,76014,0.0,چین,چنگدو
E02196,Everly Avila,مهندس فنی,حسابداری,تولید,زن,لاتین,41,2015-11-13,61403,0.0,آمریکا,میامی
E02197,Liam Nelson,مهندس فنی,آی‌تی,تحقیق و توسعه,مرد,سیاه پوست,58,2010-12-17,80720,0.0,آمریکا,کلمبوس
E02198,Theodore Lai,مدیر سیستم,آی‌تی,محصولات تخصصی,مرد,آسیایی,55,2008-12-27,94026,0.0,چین,شانگهای
E02199,Caroline Do,تحلیلگر,بازاریابی,تحقیق و توسعه,زن,آسیایی,40,2016-03-06,56963,0.0,آمریکا,شیکاگو
E02200,Josiah Ramos,مدیر,حسابداری,محصولات تخصصی,مرد,لاتین,41,2014-01-08,113246,0.06,آمریکا,شیکاگو
E02201,Colton Alexander,کارگردان,مهندسی,تحقیق و توسعه,مرد,آسیایی,45,2005-08-09,76416,0.0,آمریکا,فینیکس
E02202,Charles Ramos,تحلیلگر,حسابداری,شرکت‌های بزرگ,مرد,لاتین,57,2010-04-04,74597,0.0,آمریکا,آستین
E02203,Ellie Wilson,کارگردان,آی‌تی,تولید,زن,آسیایی,65,1996-08-31,164102,0.3,آمریکا,کلمبوس
E02204,Peyton Powell,مدیر سیستم,آی‌تی,تحقیق و توسعه,زن,آسیایی,44,2003-02-16,74431,0.0,آمریکا,فینیکس
E02205,Hailey Rojas,تحلیلگر,حسابداری,محصولات تخصصی,زن,لاتین,52,2014-07-15,43378,0.0,آمریکا,میامی
E02206,Kai Singh,تحلیلگر,حسابداری,شرکت‌های بزرگ,مرد,آسیایی,52,2001-04-19,47587,0.0,آمریکا,شیکاگو
E02207,Ryan Rivera,کارگردان,منابع انسانی,محصولات تخصصی,مرد,لاتین,53,2001-11-29,179983,0.16,آمریکا,فینیکس
E02208,Everett Lu,مدیر,بازاریابی,تحقیق و توسعه,مرد,آسیایی,31,2021-11-28,115565,0.06,آمریکا,فینیکس
E02209,Layla Nunez,مدیر,حسابداری,تولید,زن,لاتین,63,2017-09-10,126064,0.05,آمریکا,میامی
E02210,Liliana Collins,مدیر,منابع انسانی,محصولات تخصصی,زن,سیاه پوست,39,2013-01-18,151666,0.13,آمریکا,شیکاگو
E02211,Ezekiel Jenkins,تحلیلگر,آی‌تی,محصولات تخصصی,مرد,آسیایی,63,2000-04-11,99215,0.0,آمریکا,سیاتل
E02212,Christopher Wang,مهندس زیرساخت ابری,آی‌تی,تولید,مرد,آسیایی,27,2020-08-23,71502,0.0,چین,چونگ‌کینگ
E02213,Savannah Rodriguez,کارگردان,حسابداری,شرکت‌های بزرگ,زن,لاتین,30,2022-11-18,168050,0.24,برزیل,مانائوس
E02214,Lyla Turner,مدیر,حسابداری,محصولات تخصصی,زن,آسیایی,51,2003-11-07,130862,0.12,آمریکا,سیاتل
E02215,Adrian Ngo,مهندس سازمانی,آی‌تی,تحقیق و توسعه,مرد,آسیایی,58,2021-09-19,85716,0.0,چین,چونگ‌کینگ
E02216,Aria Juarez,کارگردان,حسابداری,شرکت‌های بزرگ,زن,لاتین,62,2011-07-30,185026,0.24,برزیل,مانائوس
E02217,Audrey Ramos,معاونت,حسابداری,تولید,زن,لاتین,27,2021-12-09,182403,0.3,برزیل,سائو پائولو
E02218,Hazel Cho,معاونت,حسابداری,شرکت‌های بزرگ,زن,آسیایی,63,2004-08-12,193531,0.4,چین,شانگهای
E02219,Iris Chung,مدیر,آی‌تی,تحقیق و توسعه,زن,آسیایی,52,2013-03-12,128301,0.06,چین,پکن
E02220,Thomas Rodriguez,تحلیلگر,حسابداری,تولید,مرد,لاتین,36,2019-10-09,51669,0.0,برزیل,ریو دو ژانیرو
E02221,Avery Lo,مهندس اتوماسیون,مهندسی,تحقیق و توسعه,زن,آسیایی,47,2001-01-26,104289,0.0,آمریکا,سیاتل
E02222,Gabriel Bell,مهندس زیرساخت ابری,آی‌تی,محصولات تخصصی,مرد,آسیایی,27,2021-03-21,70181,0.0,آمریکا,فینیکس
E02223,Gianna Walker,مدیر,آی‌تی,شرکت‌های بزرگ,زن,آسیایی,45,2021-03-23,92317,0.06,آمریکا,آستین
E02224,Axel Bailey,تحلیلگر,بازاریابی,شرکت‌های بزرگ,مرد,سیاه پوست,47,2022-12-07,99382,0.0,آمریکا,شیکاگو
E02225,Scarlett Green,مهندس کنترل,آی‌تی,محصولات تخصصی,زن,آسیایی,26,2020-04-21,67702,0.0,آمریکا,سیاتل
E02226,Jackson Wong,تحلیلگر,حسابداری,تحقیق و توسعه,مرد,آسیایی,58,2006-12-26,53133,0.0,چین,چنگدو
E02227,Eva Jimenez,مهندس توسعه,مهندسی,شرکت‌های بزرگ,زن,لاتین,60,1998-04-13,110554,0.0,برزیل,سائو پائولو
E02228,Ian Ma,مدیر,حسابداری,شرکت‌های بزرگ,مرد,آسیایی,45,2010-07-09,109221,0.09,آمریکا,آستین
E02229,Luna Castro,مدیر توسعه,آی‌تی,محصولات تخصصی,زن,لاتین,45,2007-02-01,88933,0.0,آمریکا,کلمبوس
E02230,Nolan Brooks,شریک تجاری,منابع انسانی,تولید,مرد,آسیایی,40,2014-11-08,49342,0.0,آمریکا,سیاتل
E02231,Jayden Jones,مهندس زیرساخت ابری,آی‌تی,تولید,مرد,آسیایی,27,2022-07-09,74587,0.0,آمریکا,آستین
E02232,Asher Hsu,تحلیلگر,حسابداری,تولید,مرد,آسیایی,36,2020-03-13,80757,0.0,چین,چونگ‌کینگ
E02233,Greyson Lim,کارگردان,حسابداری,شرکت‌های بزرگ,مرد,آسیایی,28,2022-10-12,198662,0.25,چین,پکن
E02234,Chloe Miller,مدیر,بازاریابی,تولید,زن,سیاه پوست,57,2021-08-12,142506,0.11,آمریکا,آستین
E02235,Jaxson Brooks,مهندس شبکه,آی‌تی,تولید,مرد,سیاه پوست,57,2022-07-15,77028,0.0,آمریکا,سیاتل
E02236,Jack Perez,مهندس زیرساخت ابری,آی‌تی,تحقیق و توسعه,مرد,لاتین,30,2017-01-09,80389,0.0,برزیل,مانائوس
E02237,Ruby Reed,معاونت,مهندسی,محصولات تخصصی,زن,آسیایی,26,2022-01-23,249062,0.39,آمریکا,میامی
E02238,Ivy Rojas,مهندس سازمانی,آی‌تی,شرکت‌های بزرگ,زن,لاتین,53,2013-01-08,52675,0.0,برزیل,مانائوس
E02239,Hudson Wong,مهندس فنی,حسابداری,تولید,مرد,آسیایی,59,2014-05-11,83365,0.0,چین,چونگ‌کینگ
E02240,Ryan Yi,مدیر سیستم,آی‌تی,محصولات تخصصی,مرد,آسیایی,56,2003-08-17,82758,0.0,آمریکا,سیاتل
E02241,Carter Simmons,مدیر,آی‌تی,شرکت‌های بزرگ,مرد,آسیایی,41,2012-05-30,126406,0.1,آمریکا,شیکاگو
E02242,Emilia Xu,مدیر,بازاریابی,شرکت‌های بزرگ,زن,آسیایی,46,2017-01-24,103147,0.06,آمریکا,میامی
E02243,Adam Medina,مدیر توسعه,آی‌تی,تولید,مرد,لاتین,49,2020-10-04,81622,0.0,آمریکا,شیکاگو
E02244,Connor Howard,تحلیلگر,آی‌تی,محصولات تخصصی,مرد,آسیایی,42,2021-03-15,44265,0.0,آمریکا,آستین
E02245,Audrey Duong,معاونت,حسابداری,محصولات تخصصی,زن,آسیایی,55,1999-03-03,213998,0.34,آمریکا,میامی
E02246,Landon Reyes,کارگردان,آی‌تی,تحقیق و توسعه,مرد,لاتین,44,2014-08-23,171823,0.27,آمریکا,کلمبوس
E02247,Noah Ma,معاونت,حسابداری,تولید,مرد,آسیایی,28,2018-11-06,201013,0.31,آمریکا,فینیکس
E02248,Lucas Alexander,کارگردان,آی‌تی,تولید,مرد,سیاه پوست,41,2013-09-20,192944,0.22,آمریکا,میامی
E02249,Henry Vo,مهندس کنترل,مهندسی,تولید,مرد,آسیایی,60,1996-09-13,81699,0.0,چین,پکن
E02250,Mila Han,مدیر,حسابداری,تولید,زن,آسیایی,54,2009-11-14,128791,0.06,آمریکا,میامی
E02251,Genesis Herrera,مدیر,آی‌تی,تحقیق و توسعه,زن,لاتین,34,2015-10-03,126898,0.1,برزیل,مانائوس
E02252,Olivia Vazquez,مهندس کنترل,آی‌تی,محصولات تخصصی,زن,لاتین,53,2020-04-13,93053,0.0,برزیل,سائو پائولو
E02253,Leilani Ng,تحلیلگر,آی‌تی,شرکت‌های بزرگ,زن,آسیایی,48,2011-09-19,50513,0.0,آمریکا,سیاتل
E02254,Olivia Mendoza,مهندس فنی,حسابداری,شرکت‌های بزرگ,زن,لاتین,43,2017-05-07,86533,0.0,آمریکا,کلمبوس
E02255,Skylar Xu,مهندس آزمون,مهندسی,تحقیق و توسعه,زن,آسیایی,60,1997-10-16,72806,0.0,چین,چونگ‌کینگ
E02256,Eloise Williams,معاونت,حسابداری,محصولات تخصصی,زن,سیاه پوست,42,2019-02-12,258115,0.36,آمریکا,آستین
E02257,Jackson Maldonado,مهندس زیرساخت ابری,آی‌تی,تولید,مرد,لاتین,52,2008-05-01,63444,0.0,آمریکا,میامی
E02258,Christian Harris,کارگردان,مهندسی,محصولات تخصصی,مرد,آسیایی,50,1999-02-21,96099,0.11,آمریکا,شیکاگو
E02259,Penelope Santos,مدیر توسعه,آی‌تی,تولید,زن,لاتین,37,2009-03-01,92849,0.0,آمریکا,شیکاگو
E02260,Nicholas Zhou,مهندس فنی,حسابداری,تولید,مرد,آسیایی,58,2014-10-28,85094,0.0,چین,چنگدو
E02261,Ayla Garza,مدیر,بازاریابی,شرکت‌های بزرگ,زن,لاتین,39,2017-06-15,156224,0.14,برزیل,مانائوس
E02262,Carson Mai,معاونت,حسابداری,شرکت‌های بزرگ,مرد,آسیایی,50,1996-04-15,245920,0.36,آمریکا,کلمبوس
E02263,Luna Lu,تحلیلگر,بازاریابی,تحقیق و توسعه,زن,آسیایی,51,2007-03-06,50214,0.0,چین,پکن
E02264,Anthony Ho,تحلیلگر,بازاریابی,محصولات تخصصی,مرد,آسیایی,31,2015-01-11,79713,0.0,چین,پکن
E02265,Clara Lopez,کارگردان,آی‌تی,تحقیق و توسعه,زن,لاتین,52,1999-08-09,166699,0.27,برزیل,سائو پائولو
E02266,Melody Woods,مدیر شبکه,آی‌تی,تحقیق و توسعه,زن,آسیایی,63,2010-12-20,78788,0.0,آمریکا,سیاتل
E02267,Matthew Simmons,مدیر,حسابداری,تحقیق و توسعه,مرد,سیاه پوست,28,2022-12-19,142797,0.1,آمریکا,سیاتل
E02268,Gabriella Carrillo,معاونت,حسابداری,تحقیق و توسعه,زن,لاتین,39,2012-07-16,187516,0.35,برزیل,سائو پائولو
E02269,Lydia Juarez,کارگردان,حسابداری,محصولات تخصصی,زن,لاتین,36,2013-09-21,156029,0.15,آمریکا,کلمبوس
E02270,Ava Carrillo,مدیر,حسابداری,محصولات تخصصی,زن,لاتین,63,1999-01-01,149582,0.14,آمریکا,سیاتل
E02271,Elena Sharma,کارگردان,بازاریابی,شرکت‌های بزرگ,زن,آسیایی,47,2014-10-24,163922,0.21,آمریکا,فینیکس
E02272,Julia Ahmed,معاونت,حسابداری,تحقیق و توسعه,زن,آسیایی,43,2004-11-14,240860,0.37,آمریکا,شیکاگو
E02273,Iris Vo,مدیر,منابع انسانی,محصولات تخصصی,زن,آسیایی,39,2018-09-27,128497,0.07,چین,چنگدو
E02274,Hunter Yi,مهندس اتوماسیون,مهندسی,شرکت‌های بزرگ,مرد,آسیایی,55,2015-05-10,121976,0.0,چین,چونگ‌کینگ
E02275,Valentina Oh,مدیر,حسابداری,شرکت‌های بزرگ,زن,آسیایی,32,2022-07-12,126464,0.15,آمریکا,میامی
E02276,Kinsley Tran,معاونت,حسابداری,تولید,زن,آسیایی,53,2005-09-05,234064,0.33,چین,چنگدو
E02277,Christian Hong,تحلیلگر,حسابداری,تولید,مرد,آسیایی,59,2008-01-16,81829,0.0,چین,چونگ‌کینگ
E02278,Amelia Mehta,کارگردان,منابع انسانی,شرکت‌های بزرگ,زن,آسیایی,26,2022-04-21,193971,0.22,آمریکا,شیکاگو
E02279,Axel Leung,شریک تجاری,منابع انسانی,شرکت‌های بزرگ,مرد,آسیایی,55,2001-08-17,47696,0.0,آمریکا,سیاتل
E02280,Lucas Lam,مدیر,حسابداری,محصولات تخصصی,مرد,آسیایی,34,2013-07-17,116676,0.1,چین,چنگدو
E02281,Jose Thompson,مدیر,بازاریابی,شرکت‌های بزرگ,مرد,آسیایی,45,2012-04-05,104162,0.09,آمریکا,آستین
E02282,Wesley Duong,مدیر,منابع انسانی,محصولات تخصصی,مرد,آسیایی,29,2022-04-14,86226,0.0,آمریکا,سیاتل
E02283,Adeline Maldonado,کارگردان,بازاریابی,محصولات تخصصی,زن,لاتین,45,2011-05-30,172206,0.29,برزیل,سائو پائولو
E02284,Elias Diaz,تحلیلگر,منابع انسانی,محصولات تخصصی,مرد,لاتین,34,2012-04-06,55985,0.0,آمریکا,سیاتل
E02285,Wyatt Aguilar,مهندس فنی,آی‌تی,شرکت‌های بزرگ,مرد,لاتین,26,2021-06-06,61481,0.0,آمریکا,میامی
E02286,Josephine Espinoza,مدیر,حسابداری,تحقیق و توسعه,زن,لاتین,30,2017-11-26,124295,0.07,برزیل,مانائوس
E02287,Adeline Lai,مدیر,حسابداری,تحقیق و توسعه,زن,آسیایی,55,1999-02-08,132894,0.15,آمریکا,شیکاگو
E02288,Christopher Vu,مدیر,آی‌تی,شرکت‌های بزرگ,مرد,آسیایی,47,2002-03-16,88839,0.05,آمریکا,فینیکس
E02289,Kai Vega,مهندس اتوماسیون,مهندسی,تولید,مرد,لاتین,51,2005-06-16,78107,0.0,برزیل,مانائوس
E02290,Hailey Chin,مدیر,آی‌تی,شرکت‌های بزرگ,زن,آسیایی,54,1993-07-10,135642,0.1,چین,پکن
E02291,Eleanor Xi,مدیر,حسابداری,شرکت‌های بزرگ,زن,آسیایی,64,1997-01-10,147853,0.11,آمریکا,آستین
E02292,Lily Molina,مدیر,آی‌تی,تولید,زن,لاتین,40,2009-09-15,125900,0.07,آمریکا,سیاتل
E02293,Levi Vasquez,مهندس سازمانی,آی‌تی,تولید,مرد,لاتین,27,2020-02-10,42969,0.0,آمریکا,فینیکس
E02294,Elijah Washington,معاونت,بازاریابی,تولید,مرد,آسیایی,47,2022-02-13,214303,0.4,آمریکا,سیاتل
E02295,Gianna Park,معاونت,حسابداری,محصولات تخصصی,زن,آسیایی,28,2020-12-19,199406,0.38,چین,چنگدو
E02296,Melody Leung,معاونت,منابع انسانی,تحقیق و توسعه,زن,آسیایی,35,2015-03-20,182436,0.37,آمریکا,آستین
E02297,Liliana Valdez,مدیر,آی‌تی,شرکت‌های بزرگ,زن,لاتین,59,1996-10-01,96507,0.09,آمریکا,سیاتل
E02298,Ezekiel Kumar,کارگردان,مهندسی,تولید,مرد,آسیایی,33,2015-11-19,82906,0.0,چین,چنگدو
E02299,Ruby Rahman,شریک تجاری,منابع انسانی,تولید,زن,آسیایی,62,2005-12-05,41616,0.0,آمریکا,سیاتل
E02300,Natalie Stewart,مهندس کنترل,آی‌تی,شرکت‌های بزرگ,زن,آسیایی,50,2003-06-30,92344,0.0,آمریکا,فینیکس
E02301,Charlotte Lim,معاونت,حسابداری,تولید,زن,آسیایی,55,2006-06-27,196614,0.37,آمریکا,شیکاگو
E02302,Elena Campos,مدیر,آی‌تی,تحقیق و توسعه,زن,لاتین,47,2022-02-06,104253,0.09,آمریکا,سیاتل
E02303,Vivian Lim,مهندس سازمانی,آی‌تی,محصولات تخصصی,زن,آسیایی,34,2021-01-22,44677,0.0,چین,چونگ‌کینگ
E02304,Madison Xu,مهندس کنترل,آی‌تی,تحقیق و توسعه,زن,آسیایی,39,2017-12-13,66463,0.0,چین,چونگ‌کینگ
E02305,Ava Aguilar,شریک تجاری,منابع انسانی,شرکت‌های بزرگ,زن,لاتین,35,2015-12-17,53285,0.0,آمریکا,کلمبوس
E02306,Kayden Patel,مهندس توسعه,مهندسی,تحقیق و توسعه,مرد,آسیایی,54,1997-03-22,67683,0.0,چین,پکن
E02307,Penelope Desai,معاونت,حسابداری,تولید,زن,آسیایی,41,2018-10-29,238155,0.38,چین,شانگهای
E02308,Henry Vang,کارگردان,حسابداری,شرکت‌های بزرگ,مرد,آسیایی,37,2019-06-21,173630,0.24,چین,چونگ‌کینگ
E02309,Eliana Turner,تحلیلگر,حسابداری,تحقیق و توسعه,زن,سیاه پوست,29,2020-01-27,98992,0.0,آمریکا,میامی
E02310,Charlotte Tran,معاونت,آی‌تی,شرکت‌های بزرگ,زن,آسیایی,64,2017-04-11,253330,0.39,آمریکا,آستین
E02311,Everly Coleman,مدیر,حسابداری,شرکت‌های بزرگ,زن,آسیایی,54,2011-08-14,158403,0.14,آمریکا,سیاتل
E02312,Matthew Harris,مدیر,حسابداری,شرکت‌های بزرگ,مرد,آسیایی,36,2021-03-27,156085,0.12,آمریکا,میامی
E02313,Emilia Barnes,مهندس سازمانی,آی‌تی,محصولات تخصصی,زن,سیاه پوست,54,2013-04-18,80129,0.0,آمریکا,میامی
E02314,Sophie Griffin,مهندس فنی,حسابداری,تحقیق و توسعه,زن,آسیایی,56,2017-01-09,60517,0.0,آمریکا,کلمبوس
E02315,Kai Phillips,مهندس آزمون,مهندسی,تحقیق و توسعه,مرد,آسیایی,48,2016-12-13,72315,0.0,آمریکا,آستین
E02316,Dylan Khan,کارگردان,منابع انسانی,تولید,مرد,آسیایی,35,2015-07-11,153815,0.19,آمریکا,میامی
E02317,Nevaeh Clark,مدیر,بازاریابی,محصولات تخصصی,زن,سیاه پوست,32,2018-08-16,139552,0.15,آمریکا,میامی
E02318,Carter Luu,معاونت,بازاریابی,شرکت‌های بزرگ,مرد,آسیایی,25,2022-10-20,257296,0.35,آمریکا,آستین
E02319,Jordan Ngo,تحلیلگر,حسابداری,تولید,مرد,آسیایی,26,2020-05-04,91372,0.0,آمریکا,میامی
E02320,Jackson Hu,مدیر,منابع انسانی,شرکت‌های بزرگ,مرد,آسیایی,53,2017-06-05,73601,0.0,چین,چنگدو
E02321,Madelyn Kang,مدیر توسعه,آی‌تی,شرکت‌های بزرگ,زن,آسیایی,37,2013-04-29,71871,0.0,چین,چنگدو
E02322,Everleigh Bell,مهندس فنی,حسابداری,محصولات تخصصی,زن,آسیایی,31,2016-02-07,84925,0.0,آمریکا,آستین
E02323,Eliana Trinh,مدیر,آی‌تی,تولید,زن,آسیایی,47,2010-01-07,155600,0.14,چین,چونگ‌کینگ
E02324,Oliver Ford,مدیر,حسابداری,تحقیق و توسعه,مرد,سیاه پوست,32,2018-12-15,101564,0.06,آمریکا,آستین
E02325,Ryan Huang,مهندس کنترل,مهندسی,تحقیق و توسعه,مرد,آسیایی,40,2009-10-12,80150,0.0,آمریکا,فینیکس
E02326,Gabriel Ahmed,تحلیلگر,منابع انسانی,شرکت‌های بزرگ,مرد,آسیایی,65,2021-10-09,73996,0.0,چین,چنگدو
E02327,Ivy Rios,مهندس شبکه,آی‌تی,تولید,زن,لاتین,25,2022-01-18,90109,0.0,آمریکا,سیاتل
E02328,Luca Hunter,کارگردان,مهندسی,شرکت‌های بزرگ,مرد,آسیایی,39,2022-06-27,67216,0.0,آمریکا,فینیکس
E02329,Claire Owens,مهندس کنترل,آی‌تی,تحقیق و توسعه,زن,آسیایی,52,1998-06-07,75402,0.0,آمریکا,فینیکس
E02330,Aubrey Maldonado,مهندس اتوماسیون,مهندسی,تولید,زن,لاتین,38,2022-06-13,120795,0.0,برزیل,سائو پائولو
E02331,Elias Vasquez,تحلیلگر,آی‌تی,محصولات تخصصی,مرد,لاتین,33,2015-07-27,44012,0.0,برزیل,مانائوس
E02332,Melody Luu,معاونت,حسابداری,تحقیق و توسعه,زن,آسیایی,28,2021-04-03,219180,0.33,چین,چونگ‌کینگ
E02333,Christopher Luu,معاونت,مهندسی,تحقیق و توسعه,مرد,آسیایی,61,2005-10-27,258700,0.32,آمریکا,آستین
E02334,James Han,مهندس آزمون,مهندسی,محصولات تخصصی,مرد,آسیایی,32,2018-01-07,97496,0.0,آمریکا,میامی
E02335,Jaxson Ayala,معاونت,منابع انسانی,تحقیق و توسعه,مرد,لاتین,28,2020-08-01,239270,0.38,برزیل,مانائوس
E02336,Levi James,مدیر,آی‌تی,محصولات تخصصی,مرد,آسیایی,39,2012-03-02,103466,0.05,آمریکا,شیکاگو
E02337,Grayson Carrillo,تحلیلگر,حسابداری,شرکت‌های بزرگ,مرد,لاتین,57,2001-06-27,74662,0.0,برزیل,سائو پائولو
E02338,Maverick Hwang,معاونت,منابع انسانی,تحقیق و توسعه,مرد,آسیایی,40,2015-04-20,227816,0.33,آمریکا,شیکاگو
E02339,Noah Truong,معاونت,حسابداری,تولید,مرد,آسیایی,47,2013-12-08,246680,0.39,چین,پکن
E02340,Willow Guzman,مهندس سازمانی,آی‌تی,تولید,زن,لاتین,43,2010-06-26,85164,0.0,برزیل,سائو پائولو
E02341,Rylee Howard,مدیر,حسابداری,تولید,زن,سیاه پوست,33,2014-08-18,135215,0.12,آمریکا,میامی
E02342,Ian Marquez,تحلیلگر,منابع انسانی,شرکت‌های بزرگ,مرد,لاتین,31,2019-01-14,72542,0.0,آمریکا,شیکاگو
E02343,Layla Owens,معاونت,آی‌تی,تحقیق و توسعه,زن,آسیایی,47,2018-02-07,246303,0.34,آمریکا,کلمبوس
E02344,Chloe Dixon,معاونت,مهندسی,شرکت‌های بزرگ,زن,آسیایی,60,2021-05-11,186400,0.4,آمریکا,شیکاگو
E02345,Emily Zheng,مدیر سیستم,آی‌تی,شرکت‌های بزرگ,زن,آسیایی,50,2022-12-06,91004,0.0,چین,شانگهای
E02346,Jayden Rogers,مدیر,حسابداری,تحقیق و توسعه,مرد,آسیایی,41,2016-12-14,101411,0.08,آمریکا,سیاتل
E02347,Elizabeth Vasquez,مهندس کنترل,مهندسی,محصولات تخصصی,زن,لاتین,28,2020-08-09,111779,0.0,آمریکا,شیکاگو
E02348,Samantha Ford,مهندس فنی,آی‌تی,تولید,زن,آسیایی,25,2022-01-19,86075,0.0,آمریکا,میامی
E02349,Thomas Silva,تحلیلگر,حسابداری,محصولات تخصصی,مرد,لاتین,45,2015-08-13,52798,0.0,آمریکا,میامی
E02350,Charlotte Park,مهندس شبکه,آی‌تی,محصولات تخصصی,زن,آسیایی,63,2020-12-17,96136,0.0,چین,شانگهای
E02351,Liam Jimenez,تحلیلگر,بازاریابی,تحقیق و توسعه,مرد,لاتین,52,2002-08-11,95682,0.0,آمریکا,سیاتل
E02352,Ivy Liu,تحلیلگر,بازاریابی,تولید,زن,آسیایی,59,1993-05-29,55476,0.0,چین,چونگ‌کینگ
E02353,Jayden Dixon,معاونت,حسابداری,تولید,مرد,آسیایی,30,2018-01-14,197792,0.34,آمریکا,آستین
E02354,Nevaeh Butler,کارگردان,مهندسی,تحقیق و توسعه,زن,آسیایی,55,2009-07-10,82271,0.0,آمریکا,شیکاگو
E02355,Leonardo Li,مدیر,حسابداری,محصولات تخصصی,مرد,آسیایی,65,2009-04-23,155716,0.12,آمریکا,سیاتل
E02356,Kinsley Woods,تحلیلگر,منابع انسانی,شرکت‌های بزرگ,زن,آسیایی,34,2014-06-19,71699,0.0,آمریکا,فینیکس
E02357,Abigail Chu,مدیر,منابع انسانی,تولید,زن,آسیایی,51,2006-04-17,147436,0.11,آمریکا,آستین
E02358,Ava Xiong,مدیر,منابع انسانی,تولید,زن,آسیایی,52,2019-07-21,88220,0.0,چین,شانگهای
E02359,Olivia Marquez,مهندس فنی,حسابداری,محصولات تخصصی,زن,لاتین,44,2020-04-06,54295,0.0,آمریکا,کلمبوس
E02360,Claire Vazquez,معاونت,منابع انسانی,شرکت‌های بزرگ,زن,لاتین,44,2004-06-12,246538,0.35,آمریکا,میامی
E02361,Christian Castro,مهندس سازمانی,آی‌تی,محصولات تخصصی,مرد,لاتین,40,2006-04-15,43645,0.0,آمریکا,آستین
E02362,Mason Oh,مدیر,منابع انسانی,تولید,مرد,آسیایی,25,2022-04-11,125644,0.07,آمریکا,سیاتل
E02363,Violet Santiago,تحلیلگر,آی‌تی,تحقیق و توسعه,زن,لاتین,32,2018-01-14,78414,0.0,آمریکا,سیاتل
E02364,Lily Rios,تحلیلگر,بازاریابی,محصولات تخصصی,زن,لاتین,45,2013-01-25,88016,0.0,برزیل,ریو دو ژانیرو
E02365,Kinsley Stewart,مدیر,آی‌تی,شرکت‌های بزرگ,زن,آسیایی,56,2021-09-07,66561,0.06,آمریکا,شیکاگو
E02366,Aria Molina,مهندس توسعه,مهندسی,تحقیق و توسعه,زن,لاتین,52,2001-10-24,89811,0.0,برزیل,ریو دو ژانیرو
E02367,James Cheng,مدیر,آی‌تی,تولید,مرد,آسیایی,49,2010-05-26,125506,0.09,آمریکا,سیاتل
E02368,Mila Vang,تحلیلگر,حسابداری,تولید,زن,آسیایی,46,2009-08-25,56409,0.0,آمریکا,کلمبوس
E02369,Alice Liu,مدیر,حسابداری,تحقیق و توسعه,زن,آسیایی,39,2012-02-22,122058,0.14,چین,پکن
E02370,Delilah Gonzalez,تحلیلگر,حسابداری,تولید,زن,لاتین,55,1998-03-29,82550,0.0,آمریکا,شیکاگو
E02371,Samuel Tang,مدیر سیستم,آی‌تی,تولید,مرد,آسیایی,34,2012-09-15,93760,0.0,آمریکا,میامی
E02372,Serenity Gray,تحلیلگر,حسابداری,تحقیق و توسعه,زن,سیاه پوست,56,2012-06-19,55008,0.0,آمریکا,آستین
E02373,Benjamin Estrada,تحلیلگر,بازاریابی,تحقیق و توسعه,مرد,لاتین,56,2012-09-28,65368,0.0,آمریکا,سیاتل
E02374,Wesley Han,مهندس آزمون,مهندسی,تحقیق و توسعه,مرد,آسیایی,62,2017-04-20,83955,0.0,آمریکا,فینیکس
E02375,Nora Herrera,معاونت,بازاریابی,محصولات تخصصی,زن,لاتین,60,1997-12-24,231907,0.38,آمریکا,آستین
E02376,Lincoln Harris,مدیر توسعه,آی‌تی,تولید,مرد,آسیایی,42,2009-09-16,97628,0.0,آمریکا,فینیکس
E02377,Charles Gonzales,مدیر توسعه,آی‌تی,تولید,مرد,لاتین,27,2020-09-22,88142,0.0,آمریکا,کلمبوس
E02378,Athena Cheng,مهندس آزمون,مهندسی,شرکت‌های بزرگ,زن,آسیایی,37,2020-03-02,83465,0.0,چین,پکن
E02379,David Garza,کارگردان,آی‌تی,تولید,مرد,لاتین,29,2022-01-09,197731,0.15,آمریکا,سیاتل
E02380,Hunter Doan,مدیر,حسابداری,تحقیق و توسعه,مرد,آسیایی,32,2014-12-15,151758,0.12,چین,پکن
E02381,Julian Lam,کارگردان,حسابداری,تحقیق و توسعه,مرد,آسیایی,33,2013-09-08,164340,0.15,آمریکا,شیکاگو
E02382,Sofia Estrada,مهندس کنترل,مهندسی,محصولات تخصصی,زن,لاتین,42,2006-03-26,104916,0.0,برزیل,مانائوس
E02383,Jordan Chen,تحلیلگر,حسابداری,محصولات تخصصی,مرد,آسیایی,60,1997-01-22,42536,0.0,آمریکا,کلمبوس
E02384,Eloise Huang,معاونت,حسابداری,تحقیق و توسعه,زن,آسیایی,51,2009-04-05,195171,0.33,آمریکا,سیاتل
E02385,Ivy Mehta,شریک تجاری,منابع انسانی,تولید,زن,آسیایی,50,2020-05-26,45290,0.0,چین,چونگ‌کینگ
E02386,Eli Castillo,معاونت,حسابداری,محصولات تخصصی,مرد,لاتین,50,2009-12-11,203306,0.38,آمریکا,سیاتل
E02387,Nolan Garcia,تحلیلگر,حسابداری,محصولات تخصصی,مرد,لاتین,26,2022-06-16,66865,0.0,برزیل,ریو دو ژانیرو
E02388,Alexander Zhu,مهندس شبکه,آی‌تی,شرکت‌های بزرگ,مرد,آسیایی,30,2022-10-17,89164,0.0,آمریکا,فینیکس
E02389,Victoria Wu,تحلیلگر,حسابداری,تولید,زن,آسیایی,35,2021-10-28,75602,0.0,آمریکا,میامی
E02390,Mateo Jordan,مدیر شبکه,آی‌تی,محصولات تخصصی,مرد,آسیایی,44,2021-02-13,92939,0.0,آمریکا,آستین
E02391,Everly Martin,تحلیلگر,بازاریابی,محصولات تخصصی,زن,سیاه پوست,26,2020-05-28,64278,0.0,آمریکا,کلمبوس
E02392,Athena Castro,مدیر سیستم,آی‌تی,تحقیق و توسعه,زن,لاتین,44,2013-10-04,72176,0.0,برزیل,ریو دو ژانیرو
E02393,Josephine White,مدیر,آی‌تی,شرکت‌های بزرگ,زن,آسیایی,61,2010-02-05,87758,0.09,آمریکا,سیاتل
E02394,Nicholas Vo,تحلیلگر,حسابداری,شرکت‌های بزرگ,مرد,آسیایی,50,2002-06-01,54646,0.0,آمریکا,سیاتل
E02395,Jackson Sandoval,تحلیلگر,منابع انسانی,شرکت‌های بزرگ,مرد,لاتین,61,2011-01-26,73323,0.0,آمریکا,آستین
E02396,Olivia Turner,کارگردان,بازاریابی,محصولات تخصصی,زن,آسیایی,29,2021-01-07,151492,0.21,آمریکا,کلمبوس
E02397,Cooper Rivera,مدیر,حسابداری,شرکت‌های بزرگ,مرد,لاتین,42,2005-12-26,138215,0.12,برزیل,مانائوس
E02398,Hailey Washington,مدیر,حسابداری,محصولات تخصصی,زن,سیاه پوست,51,2013-07-03,135578,0.1,آمریکا,میامی
E02399,Mia Vasquez,مهندس آزمون,مهندسی,تحقیق و توسعه,زن,لاتین,27,2019-12-02,64297,0.0,برزیل,مانائوس
E02400,Jose Grant,مهندس توسعه,مهندسی,شرکت‌های بزرگ,مرد,آسیایی,52,2021-06-28,94857,0.0,آمریکا,میامی
E02401,Nathan Yee,مهندس توسعه,مهندسی,تحقیق و توسعه,مرد,آسیایی,58,2009-10-24,77196,0.0,آمریکا,آستین
E02402,Isabella Munoz,کارگردان,حسابداری,تحقیق و توسعه,زن,لاتین,45,2002-12-25,193154,0.18,برزیل,سائو پائولو
E02403,Michael Turner,مدیر,منابع انسانی,محصولات تخصصی,مرد,سیاه پوست,28,2019-12-29,115916,0.09,آمریکا,شیکاگو
E02404,Oliver Jones,معاونت,حسابداری,تولید,مرد,آسیایی,56,2016-03-20,192374,0.3,آمریکا,شیکاگو
E02405,Charles Taylor,کارگردان,منابع انسانی,محصولات تخصصی,مرد,آسیایی,32,2019-07-15,186869,0.16,آمریکا,میامی
E02406,Gianna Alvarez,شریک تجاری,منابع انسانی,تولید,زن,لاتین,58,1993-05-11,49293,0.0,آمریکا,کلمبوس
E02407,Nova Martin,مدیر,منابع انسانی,تحقیق و توسعه,زن,آسیایی,39,2013-04-13,129087,0.05,آمریکا,سیاتل
E02408,Julia Gonzalez,تحلیلگر,حسابداری,تحقیق و توسعه,زن,لاتین,46,2005-02-15,54831,0.0,برزیل,سائو پائولو
E02409,Athena Vu,تحلیلگر,بازاریابی,محصولات تخصصی,زن,آسیایی,26,2020-11-28,51825,0.0,آمریکا,فینیکس
E02410,Caroline Bui,کارگردان,مهندسی,تولید,زن,آسیایی,36,2019-09-15,67457,0.0,چین,شانگهای
E02411,Daniel Ali,مهندس زیرساخت ابری,آی‌تی,شرکت‌های بزرگ,مرد,آسیایی,43,2019-09-28,94555,0.0,آمریکا,آستین
E02412,Iris Huang,کارگردان,منابع انسانی,شرکت‌های بزرگ,زن,آسیایی,45,2008-03-28,163686,0.25,چین,چنگدو
E02413,Natalia Cheng,تحلیلگر,آی‌تی,شرکت‌های بزرگ,زن,آسیایی,65,2002-07-29,47919,0.0,چین,پکن
E02414,Owen Evans,مهندس سازمانی,آی‌تی,تولید,مرد,آسیایی,34,2021-05-28,68972,0.0,آمریکا,آستین
E02415,Angel Dixon,تحلیلگر,حسابداری,تولید,مرد,آسیایی,52,2002-04-01,50775,0.0,آمریکا,سیاتل
E02416,Aubrey Guerrero,مدیر,بازاریابی,شرکت‌های بزرگ,زن,لاتین,39,2013-02-12,122713,0.13,برزیل,سائو پائولو
E02417,Ivy Do,تحلیلگر,حسابداری,شرکت‌های بزرگ,زن,آسیایی,57,1993-05-13,57230,0.0,آمریکا,آستین
E02418,Kai Gutierrez,مدیر,بازاریابی,محصولات تخصصی,مرد,لاتین,63,1997-12-17,148794,0.1,برزیل,مانائوس
E02419,Caroline Ahmed,مدیر,بازاریابی,تحقیق و توسعه,زن,آسیایی,32,2016-12-23,155884,0.13,آمریکا,میامی
E02420,Alice Sharma,مهندس فنی,حسابداری,تحقیق و توسعه,زن,آسیایی,51,2018-10-05,50975,0.0,چین,چنگدو
E02421,Leo Simmons,تحلیلگر,حسابداری,تحقیق و توسعه,مرد,سیاه پوست,38,2017-12-13,52200,0.0,آمریکا,فینیکس
E02422,Asher Hong,کارگردان,حسابداری,تحقیق و توسعه,مرد,آسیایی,53,2018-04-17,154141,0.26,چین,چونگ‌کینگ
E02423,Gianna Ramirez,کارگردان,مهندسی,محصولات تخصصی,زن,لاتین,59,1993-07-25,69245,0.0,آمریکا,فینیکس
E02424,Thomas Smith,کارگردان,مهندسی,محصولات تخصصی,مرد,آسیایی,57,1999-04-02,78212,0.0,آمریکا,میامی
E02425,Carter Hunter,تحلیلگر,حسابداری,شرکت‌های بزرگ,مرد,آسیایی,41,2019-10-07,72650,0.0,آمریکا,آستین
E02426,Charlotte Green,مهندس اتوماسیون,مهندسی,تحقیق و توسعه,زن,آسیایی,33,2020-11-10,124681,0.0,آمریکا,فینیکس
E02427,Lincoln Holmes,مدیر شبکه,آی‌تی,تحقیق و توسعه,مرد,سیاه پوست,35,2013-08-21,89051,0.0,آمریکا,شیکاگو
E02428,Hudson Hu,مهندس اتوماسیون,مهندسی,تحقیق و توسعه,مرد,آسیایی,36,2019-12-02,121049,0.0,آمریکا,سیاتل
E02429,Noah Mitchell,مهندس کنترل,آی‌تی,تحقیق و توسعه,مرد,آسیایی,54,2007-06-15,70519,0.0,آمریکا,کلمبوس
E02430,Liliana Choi,مدیر,آی‌تی,تحقیق و توسعه,زن,آسیایی,55,2007-01-25,106302,0.08,آمریکا,آستین
E02431,Leonardo Cho,کارگردان,مهندسی,محصولات تخصصی,مرد,آسیایی,38,2008-08-25,119960,0.15,آمریکا,کلمبوس
E02432,Oliver Delgado,مهندس آزمون,مهندسی,تحقیق و توسعه,مرد,لاتین,45,2017-02-22,84309,0.0,برزیل,مانائوس
E02433,Isabella Roberts,معاونت,مهندسی,تولید,زن,آسیایی,53,2007-08-20,228494,0.33,آمریکا,آستین
E02434,Luca Desai,مدیر,حسابداری,محصولات تخصصی,مرد,آسیایی,45,2017-05-23,112076,0.06,چین,چنگدو
E02435,William Juarez,مهندس فنی,آی‌تی,محصولات تخصصی,مرد,لاتین,65,2016-07-29,88533,0.0,برزیل,ریو دو ژانیرو
E02436,Ryan Alvarez,تحلیلگر,منابع انسانی,تحقیق و توسعه,مرد,لاتین,62,2018-11-29,72025,0.0,برزیل,مانائوس
E02437,Hudson Ha,کارگردان,مهندسی,تولید,مرد,آسیایی,59,2004-02-06,67947,0.0,چین,شانگهای
E02438,Hannah Brown,مهندس زیرساخت ابری,آی‌تی,تولید,زن,آسیایی,42,2020-07-12,79764,0.0,آمریکا,آستین
E02439,Hadley Le,مهندس زیرساخت ابری,آی‌تی,تحقیق و توسعه,زن,آسیایی,33,2015-03-18,60690,0.0,چین,چونگ‌کینگ
E02440,Jaxson Shah,تحلیلگر,حسابداری,شرکت‌های بزرگ,مرد,آسیایی,29,2018-08-25,44520,0.0,آمریکا,شیکاگو
E02441,Christopher Delgado,مهندس شبکه,آی‌تی,شرکت‌های بزرگ,مرد,لاتین,33,2022-06-24,84317,0.0,برزیل,ریو دو ژانیرو
E02442,Hannah Ng,کارگردان,حسابداری,تولید,زن,آسیایی,36,2015-05-14,151055,0.19,آمریکا,کلمبوس
E02443,آستین Ngo,مهندس شبکه,آی‌تی,تحقیق و توسعه,مرد,آسیایی,43,2020-03-27,62492,0.0,آمریکا,کلمبوس
E02444,Gianna Han,تحلیلگر,منابع انسانی,تحقیق و توسعه,زن,آسیایی,51,2011-02-27,72589,0.0,آمریکا,آستین
E02445,Isaac Choi,مهندس توسعه,مهندسی,شرکت‌های بزرگ,مرد,آسیایی,27,2021-01-21,82286,0.0,آمریکا,شیکاگو
E02446,Madeline Smith,مهندس زیرساخت ابری,آی‌تی,تحقیق و توسعه,زن,آسیایی,55,2011-11-23,66660,0.0,آمریکا,فینیکس
E02447,Ellie Fernandez,مهندس کیفیت,مهندسی,محصولات تخصصی,زن,لاتین,62,2009-08-18,86805,0.0,آمریکا,آستین
E02448,Lyla Lai,مدیر,منابع انسانی,محصولات تخصصی,زن,آسیایی,46,2004-08-11,125878,0.1,آمریکا,آستین
E02449,Emily Moore,تحلیلگر,حسابداری,تحقیق و توسعه,زن,سیاه پوست,47,2009-11-08,50290,0.0,آمریکا,کلمبوس
E02450,Aubrey Moreno,مدیر,آی‌تی,تحقیق و توسعه,زن,لاتین,57,2000-06-30,97083,0.06,آمریکا,آستین
E02451,Nova Xiong,مدیر شبکه,آی‌تی,شرکت‌های بزرگ,زن,آسیایی,49,2019-04-10,93306,0.0,چین,پکن
E02452,Eva Lam,کارگردان,مهندسی,تولید,زن,آسیایی,42,2022-03-08,73404,0.0,آمریکا,آستین
E02453,Caroline Chau,مدیر توسعه,آی‌تی,محصولات تخصصی,زن,آسیایی,55,2022-12-07,91179,0.0,آمریکا,کلمبوس
E02454,Sofia Chen,مدیر,حسابداری,محصولات تخصصی,زن,آسیایی,46,2006-08-27,108003,0.05,چین,چنگدو
E02455,Christopher Sharma,مدیر سیستم,آی‌تی,شرکت‌های بزرگ,مرد,آسیایی,45,2004-04-16,81384,0.0,چین,پکن
E02456,Lucas Grant,مدیر,منابع انسانی,تولید,مرد,آسیایی,53,2012-03-28,97218,0.0,آمریکا,آستین
E02457,Delilah Washington,تحلیلگر,حسابداری,تحقیق و توسعه,زن,آسیایی,46,2006-09-17,42944,0.0,آمریکا,میامی
E02458,Eloise Molina,تحلیلگر,حسابداری,تحقیق و توسعه,زن,لاتین,48,2015-01-18,43980,0.0,آمریکا,کلمبوس
E02459,Clara Desai,مدیر,بازاریابی,شرکت‌های بزرگ,زن,آسیایی,33,2014-11-20,109533,0.05,چین,چنگدو
E02460,Audrey Campbell,معاونت,حسابداری,تحقیق و توسعه,زن,آسیایی,56,2008-07-30,226952,0.39,آمریکا,میامی
E02461,Delilah Alvarez,مدیر سیستم,آی‌تی,تولید,زن,لاتین,59,2007-11-27,71580,0.0,آمریکا,سیاتل
E02462,Luke Luna,تحلیلگر,حسابداری,تولید,مرد,لاتین,55,2012-11-16,66172,0.0,برزیل,مانائوس
E02463,Elizabeth Tan,معاونت,بازاریابی,تحقیق و توسعه,زن,آسیایی,46,2018-07-27,237489,0.3,آمریکا,شیکاگو
E02464,Sophia Wang,تحلیلگر,بازاریابی,محصولات تخصصی,زن,آسیایی,50,2000-05-20,48733,0.0,آمریکا,سیاتل
E02465,Nova Park,تحلیلگر,حسابداری,شرکت‌های بزرگ,زن,آسیایی,29,2017-07-23,48563,0.0,چین,شانگهای
E02466,Josiah Khan,مهندس زیرساخت ابری,آی‌تی,تولید,مرد,آسیایی,57,2004-10-26,86592,0.0,چین,چونگ‌کینگ
E02467,Madison Gray,معاونت,حسابداری,تحقیق و توسعه,زن,آسیایی,39,2011-08-29,189823,0.38,آمریکا,کلمبوس
E02468,Luca Washington,مهندس سازمانی,آی‌تی,شرکت‌های بزرگ,مرد,سیاه پوست,40,2022-06-27,65075,0.0,آمریکا,فینیکس
E02469,Isaac Cruz,معاونت,منابع انسانی,محصولات تخصصی,مرد,لاتین,33,2018-05-09,187917,0.35,آمریکا,شیکاگو
E02470,Ellie Ortega,تحلیلگر,حسابداری,محصولات تخصصی,زن,لاتین,49,2020-10-20,42242,0.0,برزیل,سائو پائولو
E02471,Ian Huang,تحلیلگر,حسابداری,تحقیق و توسعه,مرد,آسیایی,54,1998-02-07,53931,0.0,آمریکا,کلمبوس
E02472,Jayden Ahmed,مدیر,آی‌تی,شرکت‌های بزرگ,مرد,آسیایی,51,2006-03-28,140668,0.12,چین,چنگدو
E02473,Violet Simmons,تحلیلگر,بازاریابی,تحقیق و توسعه,زن,آسیایی,33,2017-10-23,53948,0.0,آمریکا,فینیکس
E02474,William Roberts,کارگردان,آی‌تی,تحقیق و توسعه,مرد,آسیایی,34,2017-04-12,174257,0.3,آمریکا,میامی
E02475,Penelope Sandoval,مدیر,حسابداری,شرکت‌های بزرگ,زن,لاتین,28,2019-12-18,132209,0.14,برزیل,ریو دو ژانیرو
E02476,Emilia Ortiz,معاونت,بازاریابی,تحقیق و توسعه,زن,لاتین,34,2017-07-16,208883,0.38,آمریکا,میامی
E02477,Layla Gutierrez,مدیر,آی‌تی,محصولات تخصصی,زن,لاتین,39,2022-05-05,65957,0.05,برزیل,ریو دو ژانیرو
E02478,Dylan Vu,مدیر,منابع انسانی,محصولات تخصصی,مرد,آسیایی,63,2004-07-22,106481,0.05,چین,پکن
E02479,Peyton Wong,معاونت,حسابداری,تولید,زن,آسیایی,35,2020-08-05,218127,0.37,آمریکا,شیکاگو
E02480,Santiago f Banks,مدیر,آی‌تی,محصولات تخصصی,مرد,آسیایی,44,2019-08-16,151481,0.11,آمریکا,شیکاگو
E02481,Caroline Wong,تحلیلگر,حسابداری,تحقیق و توسعه,زن,آسیایی,37,2017-03-08,40508,0.0,چین,پکن
E02482,Quinn Ho,معاونت,حسابداری,تحقیق و توسعه,زن,آسیایی,45,2002-07-20,200481,0.3,آمریکا,کلمبوس
E02483,Caroline Nunez,معاونت,حسابداری,تولید,زن,لاتین,65,2002-12-20,224872,0.39,برزیل,سائو پائولو
E02484,Carson Brown,مدیر,منابع انسانی,تحقیق و توسعه,مرد,سیاه پوست,65,2007-11-05,149474,0.14,آمریکا,فینیکس
E02485,Olivia Maldonado,مهندس آزمون,مهندسی,تحقیق و توسعه,زن,لاتین,63,2002-02-18,86820,0.0,آمریکا,شیکاگو
E02486,Emilia Chung,کارگردان,حسابداری,تولید,زن,آسیایی,55,1994-11-08,184078,0.28,چین,شانگهای
E02487,Leilani Shin,تحلیلگر,حسابداری,شرکت‌های بزرگ,زن,آسیایی,58,2013-12-18,55174,0.0,آمریکا,آستین
E02488,Abigail Zhu,کارگردان,حسابداری,شرکت‌های بزرگ,زن,آسیایی,31,2022-01-17,152474,0.27,آمریکا,آستین
E02489,Autumn Xiong,مدیر شبکه,آی‌تی,محصولات تخصصی,زن,آسیایی,28,2020-02-13,75172,0.0,چین,شانگهای
E02490,Hailey Cruz,شریک تجاری,منابع انسانی,تولید,زن,لاتین,50,2008-08-10,56002,0.0,آمریکا,آستین
E02491,Piper Cruz,کارگردان,حسابداری,تحقیق و توسعه,زن,لاتین,61,2013-04-13,195636,0.21,برزیل,ریو دو ژانیرو
E02492,Jaxson Jackson,مهندس سازمانی,آی‌تی,محصولات تخصصی,مرد,آسیایی,53,1997-03-01,63165,0.0,آمریکا,سیاتل
E02493,Serenity Mehta,تحلیلگر,حسابداری,تحقیق و توسعه,زن,آسیایی,51,1998-07-21,57277,0.0,چین,شانگهای
E02494,Peyton Gomez,تحلیلگر,حسابداری,محصولات تخصصی,زن,لاتین,56,2020-01-14,42950,0.0,برزیل,ریو دو ژانیرو
E02495,Ethan Vargas,کارگردان,آی‌تی,تحقیق و توسعه,مرد,لاتین,38,2018-10-09,168410,0.3,آمریکا,شیکاگو
E02496,Serenity Morris,مدیر,آی‌تی,شرکت‌های بزرگ,زن,آسیایی,41,2008-04-12,114588,0.05,آمریکا,میامی
E02497,Vivian Chan,تحلیلگر,حسابداری,محصولات تخصصی,زن,آسیایی,61,1997-05-12,72546,0.0,چین,پکن
E02498,Lincoln Singh,تحلیلگر,حسابداری,شرکت‌های بزرگ,مرد,آسیایی,33,2021-01-09,55397,0.0,چین,شانگهای
E02499,Ayla Lim,کارگردان,بازاریابی,شرکت‌های بزرگ,زن,آسیایی,41,2021-09-05,192266,0.23,چین,چنگدو
E02500,Leilani Hong,مدیر سیستم,آی‌تی,تولید,زن,آسیایی,36,2013-12-20,79876,0.0,آمریکا,سیاتل
E02501,Victoria Doan,مدیر,حسابداری,شرکت‌های بزرگ,زن,آسیایی,42,2018-03-06,112593,0.05,آمریکا,سیاتل
E02502,Naomi Wright,مدیر سیستم,آی‌تی,تولید,زن,آسیایی,36,2016-11-03,99249,0.0,آمریکا,میامی
E02503,Scarlett Howard,مدیر,حسابداری,تولید,زن,آسیایی,55,2012-08-12,117421,0.05,آمریکا,آستین
E02504,Victoria Vo,کارگردان,مهندسی,شرکت‌های بزرگ,زن,آسیایی,44,2017-12-18,82241,0.0,چین,شانگهای
E02505,Oliver Fernandez,مدیر,بازاریابی,تحقیق و توسعه,مرد,لاتین,31,2022-05-15,125664,0.05,برزیل,مانائوس
E02506,Luca Jiang,مهندس فنی,حسابداری,تحقیق و توسعه,مرد,آسیایی,47,2013-09-08,57386,0.0,چین,پکن
E02507,Charlotte Owens,معاونت,مهندسی,شرکت‌های بزرگ,زن,سیاه پوست,59,2001-05-11,196740,0.31,آمریکا,میامی
E02508,Stella Tan,کارگردان,منابع انسانی,محصولات تخصصی,زن,آسیایی,48,2009-08-22,168202,0.22,چین,چنگدو
E02509,Ellie Yoon,معاونت,منابع انسانی,محصولات تخصصی,زن,آسیایی,44,2006-07-11,242004,0.38,چین,چونگ‌کینگ
E02510,Ella Do,مهندس فنی,حسابداری,تولید,زن,آسیایی,52,1998-02-28,57433,0.0,چین,شانگهای
E02511,Lucas Cruz,تحلیلگر,حسابداری,محصولات تخصصی,مرد,لاتین,54,2009-07-11,74656,0.0,آمریکا,سیاتل
E02512,Sarah Mehta,تحلیلگر,منابع انسانی,تحقیق و توسعه,زن,آسیایی,31,2016-08-23,62848,0.0,چین,چنگدو
E02513,Anthony Phan,مهندس سازمانی,آی‌تی,تحقیق و توسعه,مرد,آسیایی,39,2011-04-11,92523,0.0,آمریکا,میامی
E02514,David Chu,مدیر,آی‌تی,محصولات تخصصی,مرد,آسیایی,40,2012-12-16,142844,0.11,آمریکا,میامی
E02515,Sebastian Sanders,مدیر,حسابداری,شرکت‌های بزرگ,مرد,آسیایی,39,2009-01-23,100718,0.05,آمریکا,آستین
E02516,Jayden Phillips,کارگردان,آی‌تی,تحقیق و توسعه,مرد,آسیایی,25,2022-10-13,154186,0.26,آمریکا,آستین
E02517,Caleb Chan,مهندس توسعه,مهندسی,تحقیق و توسعه,مرد,آسیایی,48,2003-06-24,107586,0.0,چین,شانگهای
E02518,Ariana Santiago,مهندس شبکه,آی‌تی,تحقیق و توسعه,زن,لاتین,54,2003-10-28,88906,0.0,آمریکا,فینیکس
E02519,Quinn Owens,کارگردان,مهندسی,تولید,زن,آسیایی,40,2018-05-09,74329,0.0,آمریکا,شیکاگو
E02520,Eli James,مهندس کنترل,آی‌تی,تولید,مرد,آسیایی,32,2021-04-15,86523,0.0,آمریکا,کلمبوس
E02521,Ezra Aguilar,معاونت,آی‌تی,تولید,مرد,لاتین,60,2014-11-05,239868,0.4,آمریکا,میامی
E02522,Anna Castro,تحلیلگر,حسابداری,محصولات تخصصی,زن,لاتین,29,2018-05-21,65010,0.0,آمریکا,سیاتل
E02523,Liliana Lewis,مدیر شبکه,آی‌تی,شرکت‌های بزرگ,زن,آسیایی,25,2021-02-23,82140,0.0,آمریکا,میامی
E02524,Maverick Alvarado,مدیر سیستم,آی‌تی,تولید,مرد,لاتین,34,2016-06-11,75511,0.0,برزیل,مانائوس
E02525,Nora Butler,معاونت,آی‌تی,تحقیق و توسعه,زن,سیاه پوست,26,2022-05-06,188880,0.36,آمریکا,فینیکس
E02526,Landon Rodriguez,مهندس فنی,حسابداری,تولید,مرد,لاتین,39,2017-11-19,87155,0.0,آمریکا,شیکاگو
E02527,Grace Harris,مهندس سازمانی,آی‌تی,تحقیق و توسعه,زن,آسیایی,34,2018-10-28,75518,0.0,آمریکا,سیاتل
E02528,Jeremiah Medina,مدیر,آی‌تی,تحقیق و توسعه,مرد,لاتین,54,1997-09-28,129311,0.13,برزیل,مانائوس
E02529,Charles Bryant,تحلیلگر,حسابداری,تولید,مرد,آسیایی,27,2022-07-12,56919,0.0,آمریکا,میامی
E02530,Elizabeth Dixon,مدیر,حسابداری,تولید,زن,آسیایی,26,2020-11-15,153832,0.14,آمریکا,فینیکس
E02531,Riley Phillips,معاونت,مهندسی,محصولات تخصصی,زن,آسیایی,26,2022-08-05,211121,0.35,آمریکا,فینیکس
E02532,Gianna Cruz,مدیر,حسابداری,شرکت‌های بزرگ,زن,لاتین,29,2019-07-02,106456,0.1,آمریکا,کلمبوس
E02533,Lincoln Cruz,مهندس شبکه,آی‌تی,شرکت‌های بزرگ,مرد,لاتین,64,1997-07-15,72772,0.0,برزیل,مانائوس
E02534,Ezekiel Contreras,مدیر,حسابداری,تحقیق و توسعه,مرد,لاتین,45,2001-08-10,143146,0.14,آمریکا,شیکاگو
E02535,Amelia Do,تحلیلگر,بازاریابی,تولید,زن,آسیایی,45,2018-12-24,74776,0.0,آمریکا,سیاتل
E02536,Anthony Perez,مهندس فنی,حسابداری,محصولات تخصصی,مرد,لاتین,51,2021-09-13,92305,0.0,آمریکا,شیکاگو
E02537,Elias Maldonado,مدیر توسعه,آی‌تی,تولید,مرد,لاتین,56,2005-04-01,94724,0.0,آمریکا,شیکاگو
E02538,Liam Luong,مهندس فنی,آی‌تی,محصولات تخصصی,مرد,آسیایی,58,1995-11-13,88019,0.0,آمریکا,آستین
E02539,Jordan Ford,مدیر,منابع انسانی,شرکت‌های بزرگ,مرد,سیاه پوست,43,2016-09-19,108000,0.1,آمریکا,کلمبوس
E02540,Mateo Chung,مهندس شبکه,آی‌تی,شرکت‌های بزرگ,مرد,آسیایی,52,2018-07-27,81438,0.0,چین,پکن
E02541,Jameson Vang,مدیر,آی‌تی,شرکت‌های بزرگ,مرد,آسیایی,41,2018-05-23,95669,0.1,چین,شانگهای
E02542,Samuel Thomas,معاونت,حسابداری,محصولات تخصصی,مرد,آسیایی,43,2016-02-15,180385,0.33,آمریکا,کلمبوس
E02543,Gabriel Rodriguez,مهندس سازمانی,آی‌تی,تحقیق و توسعه,مرد,لاتین,36,2016-01-30,45184,0.0,برزیل,سائو پائولو
E02544,Wyatt Robinson,مهندس توسعه,مهندسی,تحقیق و توسعه,مرد,آسیایی,55,2007-08-08,70451,0.0,آمریکا,سیاتل
E02545,Anna Huynh,مهندس فنی,آی‌تی,محصولات تخصصی,زن,آسیایی,39,2009-04-05,63259,0.0,آمریکا,شیکاگو
E02546,Lucy Simmons,تحلیلگر,حسابداری,شرکت‌های بزرگ,زن,آسیایی,56,2001-03-01,73778,0.0,آمریکا,میامی
E02547,آستین Ng,مدیر,حسابداری,تحقیق و توسعه,مرد,آسیایی,45,2009-03-03,126697,0.13,چین,پکن
E02548,Madeline Cruz,مدیر سیستم,آی‌تی,محصولات تخصصی,زن,لاتین,63,2008-05-19,75396,0.0,برزیل,ریو دو ژانیرو
E02549,Layla Munoz,کارگردان,منابع انسانی,شرکت‌های بزرگ,زن,لاتین,39,2014-09-24,182595,0.29,برزیل,ریو دو ژانیرو
E02550,Alexander Tang,تحلیلگر,حسابداری,شرکت‌های بزرگ,مرد,آسیایی,32,2015-01-29,45424,0.0,آمریکا,آستین
E02551,Carson Chen,تحلیلگر,حسابداری,تولید,مرد,آسیایی,45,2012-12-03,70661,0.0,چین,چونگ‌کینگ
E02552,Kai Duong,مهندس سازمانی,آی‌تی,تحقیق و توسعه,مرد,آسیایی,41,2018-11-16,57166,0.0,چین,شانگهای
E02553,Ayla Cooper,مهندس توسعه,مهندسی,شرکت‌های بزرگ,زن,آسیایی,56,2017-02-15,101637,0.0,آمریکا,شیکاگو
E02554,Eliza Espinoza,مدیر,بازاریابی,محصولات تخصصی,زن,لاتین,30,2017-12-28,103646,0.07,آمریکا,فینیکس
E02555,Axel King,مهندس اتوماسیون,مهندسی,تولید,مرد,آسیایی,46,2010-02-21,100757,0.0,آمریکا,شیکاگو
E02556,Alexander Carter,مدیر شبکه,آی‌تی,محصولات تخصصی,مرد,آسیایی,47,2008-10-04,60963,0.0,آمریکا,سیاتل
E02557,Robert Rogers,معاونت,مهندسی,تولید,مرد,آسیایی,53,2011-08-26,258734,0.34,آمریکا,سیاتل
E02558,Anthony Gupta,مهندس زیرساخت ابری,آی‌تی,محصولات تخصصی,مرد,آسیایی,38,2021-09-23,70612,0.0,چین,چونگ‌کینگ
E02559,Jackson Gupta,تحلیلگر,آی‌تی,تحقیق و توسعه,مرد,آسیایی,65,1993-06-27,77065,0.0,آمریکا,سیاتل
E02560,Sophia Rodriguez,مهندس توسعه,مهندسی,محصولات تخصصی,زن,لاتین,58,2007-10-31,96256,0.0,آمریکا,شیکاگو
E02561,Cora Patel,تحلیلگر,حسابداری,تولید,زن,آسیایی,36,2011-05-13,65794,0.0,آمریکا,آستین
E02562,Piper Hsu,تحلیلگر,حسابداری,تحقیق و توسعه,زن,آسیایی,45,2015-08-23,48491,0.0,آمریکا,آستین
E02563,Hunter Marquez,مهندس توسعه,مهندسی,تحقیق و توسعه,مرد,لاتین,34,2019-08-07,83220,0.0,آمریکا,شیکاگو
E02564,Addison Li,تحلیلگر,منابع انسانی,تحقیق و توسعه,زن,آسیایی,37,2010-03-04,61680,0.0,چین,پکن
E02565,Carson Hoang,تحلیلگر,حسابداری,تولید,مرد,آسیایی,43,2021-10-09,72482,0.0,آمریکا,شیکاگو
E02566,Julian Fernandez,مهندس توسعه,مهندسی,تحقیق و توسعه,مرد,لاتین,27,2022-02-07,81713,0.0,برزیل,ریو دو ژانیرو
E02567,Caleb Rojas,تحلیلگر,حسابداری,تولید,مرد,لاتین,38,2021-12-04,68281,0.0,آمریکا,میامی
E02568,Elizabeth Griffin,مهندس زیرساخت ابری,آی‌تی,شرکت‌های بزرگ,زن,آسیایی,60,1993-09-10,63979,0.0,آمریکا,میامی
E02569,Nolan Han,شریک تجاری,منابع انسانی,شرکت‌های بزرگ,مرد,آسیایی,29,2017-11-19,53090,0.0,آمریکا,میامی
E02570,Cameron Romero,مدیر,حسابداری,محصولات تخصصی,مرد,لاتین,49,1997-09-15,108325,0.1,برزیل,مانائوس
E02571,Angel Patterson,تحلیلگر,بازاریابی,شرکت‌های بزرگ,مرد,سیاه پوست,45,2018-01-07,98289,0.0,آمریکا,کلمبوس
E02572,Ryan Foster,مهندس سازمانی,آی‌تی,محصولات تخصصی,مرد,آسیایی,44,2004-02-22,41275,0.0,آمریکا,آستین
E02573,Leonardo Patterson,تحلیلگر,حسابداری,محصولات تخصصی,مرد,آسیایی,46,2012-02-06,93642,0.0,آمریکا,کلمبوس
E02574,William Song,کارگردان,منابع انسانی,تحقیق و توسعه,مرد,آسیایی,36,2010-10-25,162957,0.18,چین,چونگ‌کینگ
E02575,Axel Aguilar,تحلیلگر,حسابداری,تولید,مرد,لاتین,45,2022-04-10,96029,0.0,برزیل,ریو دو ژانیرو
E02576,Liam Valdez,معاونت,منابع انسانی,تحقیق و توسعه,مرد,لاتین,55,1999-03-01,227148,0.33,برزیل,سائو پائولو
E02577,Hudson Washington,مهندس زیرساخت ابری,آی‌تی,محصولات تخصصی,مرد,آسیایی,43,2008-09-17,76819,0.0,آمریکا,فینیکس
E02578,Owen Han,تحلیلگر,حسابداری,محصولات تخصصی,مرد,آسیایی,30,2022-09-01,66892,0.0,آمریکا,سیاتل
E02579,Harper Washington,معاونت,بازاریابی,تولید,زن,آسیایی,48,1999-06-24,256084,0.34,آمریکا,کلمبوس
E02580,Brooklyn Parker,تحلیلگر,بازاریابی,محصولات تخصصی,زن,سیاه پوست,60,2005-03-19,85669,0.0,آمریکا,فینیکس
E02581,Hudson Oh,مهندس سازمانی,آی‌تی,تحقیق و توسعه,مرد,آسیایی,30,2021-09-09,44454,0.0,چین,پکن
E02582,Maverick Howard,مهندس سازمانی,آی‌تی,محصولات تخصصی,مرد,آسیایی,25,2021-04-13,54353,0.0,آمریکا,شیکاگو
E02583,Alexander Dominguez,تحلیلگر,حسابداری,محصولات تخصصی,مرد,لاتین,58,2014-11-27,58867,0.0,برزیل,ریو دو ژانیرو
E02584,Jack Garcia,مدیر,منابع انسانی,شرکت‌های بزرگ,مرد,لاتین,37,2022-03-21,123918,0.08,برزیل,ریو دو ژانیرو
E02585,Aiden Hu,مهندس سازمانی,آی‌تی,تحقیق و توسعه,مرد,آسیایی,44,2010-05-07,56680,0.0,آمریکا,شیکاگو
E02586,Cora Espinoza,شریک تجاری,منابع انسانی,تحقیق و توسعه,زن,لاتین,53,2019-10-09,55206,0.0,آمریکا,میامی
E02587,Naomi Moua,کارگردان,حسابداری,محصولات تخصصی,زن,آسیایی,58,2010-01-13,150633,0.19,آمریکا,فینیکس
E02588,Liam Baker,مدیر شبکه,آی‌تی,محصولات تخصصی,مرد,آسیایی,65,2020-01-26,97379,0.0,آمریکا,سیاتل
E02589,Christian Liu,کارگردان,حسابداری,تحقیق و توسعه,مرد,آسیایی,57,2000-03-29,178447,0.22,چین,چنگدو
E02590,Aaron Munoz,مدیر شبکه,آی‌تی,تولید,مرد,لاتین,31,2021-06-13,60827,0.0,آمریکا,فینیکس
E02591,Levi Kang,کارگردان,مهندسی,تولید,مرد,آسیایی,32,2019-04-28,96951,0.13,چین,چنگدو
E02592,Isaac Foster,مدیر,حسابداری,محصولات تخصصی,مرد,آسیایی,48,2001-01-06,103051,0.09,آمریکا,فینیکس
E02593,Samantha Zhu,معاونت,آی‌تی,محصولات تخصصی,زن,آسیایی,55,2001-10-27,256592,0.3,چین,پکن
E02594,Vivian Watson,مهندس توسعه,مهندسی,محصولات تخصصی,زن,آسیایی,52,2017-07-07,79323,0.0,آمریکا,شیکاگو
E02595,Emery Hernandez,مهندس توسعه,مهندسی,تحقیق و توسعه,زن,لاتین,27,2021-07-12,75583,0.0,برزیل,مانائوس
E02596,Camila Baker,مهندس فنی,حسابداری,محصولات تخصصی,زن,آسیایی,36,2012-09-08,73646,0.0,آمریکا,آستین
E02597,David Bryant,مدیر سیستم,آی‌تی,محصولات تخصصی,مرد,آسیایی,36,2022-08-07,64937,0.0,آمریکا,میامی
E02598,Miles Perez,مدیر,حسابداری,تولید,مرد,لاتین,42,2019-06-11,112146,0.06,آمریکا,میامی
E02599,Elijah Hill,تحلیلگر,بازاریابی,تحقیق و توسعه,مرد,آسیایی,48,2018-12-16,83332,0.0,آمریکا,آستین
E02600,Sofia Shin,مدیر,آی‌تی,محصولات تخصصی,زن,آسیایی,42,2008-04-11,66248,0.07,چین,چونگ‌کینگ
E02601,Ezekiel Lee,مدیر,منابع انسانی,تحقیق و توسعه,مرد,آسیایی,37,2019-08-22,127238,0.15,چین,شانگهای
E02602,Nevaeh Truong,مهندس شبکه,آی‌تی,محصولات تخصصی,زن,آسیایی,55,2012-05-23,87857,0.0,آمریکا,آستین
E02603,Leah Ali,تحلیلگر,منابع انسانی,محصولات تخصصی,زن,آسیایی,62,1999-08-20,51454,0.0,آمریکا,سیاتل
E02604,Emma Soto,مدیر,حسابداری,محصولات تخصصی,زن,لاتین,29,2020-09-13,128066,0.11,آمریکا,سیاتل
E02605,Lydia Marquez,مدیر,منابع انسانی,شرکت‌های بزرگ,زن,لاتین,29,2018-09-28,130790,0.1,برزیل,ریو دو ژانیرو
E02606,Cora Munoz,معاونت,منابع انسانی,تولید,زن,لاتین,45,2004-05-17,233342,0.37,آمریکا,آستین
E02607,Hudson Ross,تحلیلگر,بازاریابی,تولید,مرد,آسیایی,57,2009-10-04,54155,0.0,آمریکا,آستین
E02608,Aiden Cheng,معاونت,بازاریابی,تولید,مرد,آسیایی,31,2019-09-06,189403,0.36,چین,شانگهای
E02609,Willow Vang,تحلیلگر,حسابداری,تولید,زن,آسیایی,31,2018-05-18,78732,0.0,چین,شانگهای
E02610,Jonathan Young,تحلیلگر,حسابداری,تولید,مرد,آسیایی,47,2015-04-28,55401,0.0,آمریکا,کلمبوس
E02611,Isaac Rojas,مدیر سیستم,آی‌تی,تولید,مرد,لاتین,60,2006-07-12,82343,0.0,آمریکا,آستین
E02612,Dylan Guzman,مهندس کیفیت,مهندسی,تحقیق و توسعه,مرد,لاتین,42,2017-03-16,66226,0.0,برزیل,سائو پائولو
E02613,Sarah Shin,معاونت,آی‌تی,تولید,زن,آسیایی,26,2021-12-03,193435,0.31,آمریکا,شیکاگو
E02614,Michael Johnson,مدیر,حسابداری,شرکت‌های بزرگ,مرد,آسیایی,57,2011-04-18,114241,0.1,آمریکا,میامی
E02615,Riley Vega,کارگردان,مهندسی,تحقیق و توسعه,زن,لاتین,25,2022-11-11,177264,0.16,برزیل,مانائوس
E02616,Benjamin Ali,شریک تجاری,منابع انسانی,شرکت‌های بزرگ,مرد,آسیایی,53,2016-04-12,58010,0.0,آمریکا,سیاتل
E02617,Ezekiel Cooper,کارگردان,آی‌تی,محصولات تخصصی,مرد,سیاه پوست,43,2003-03-15,154284,0.25,آمریکا,شیکاگو
E02618,Lyla Walker,تحلیلگر,حسابداری,شرکت‌های بزرگ,زن,آسیایی,49,2002-02-18,54633,0.0,آمریکا,شیکاگو
E02619,Aria Cheng,شریک تجاری,منابع انسانی,تحقیق و توسعه,زن,آسیایی,61,1996-08-26,42829,0.0,آمریکا,کلمبوس
E02620,Christopher Ramirez,کارگردان,مهندسی,تحقیق و توسعه,مرد,لاتین,41,2010-03-15,118973,0.1,آمریکا,فینیکس
E02621,Emily Roberts,مهندس شبکه,آی‌تی,تولید,زن,آسیایی,56,2018-12-29,61251,0.0,آمریکا,میامی
E02622,Nathan Parker,کارگردان,مهندسی,محصولات تخصصی,مرد,آسیایی,49,2002-04-24,108636,0.1,آمریکا,کلمبوس
E02623,Nora Her,کارگردان,مهندسی,محصولات تخصصی,زن,آسیایی,32,2014-04-24,68780,0.0,چین,پکن
E02624,Mia Brown,تحلیلگر,حسابداری,شرکت‌های بزرگ,زن,آسیایی,30,2016-08-10,60261,0.0,آمریکا,سیاتل
E02625,Hunter Hu,مدیر,حسابداری,محصولات تخصصی,مرد,آسیایی,64,2003-07-13,100951,0.05,آمریکا,میامی
E02626,Luke Acosta,مهندس شبکه,آی‌تی,محصولات تخصصی,مرد,لاتین,57,2022-07-20,93872,0.0,برزیل,سائو پائولو
E02627,Sophia Griffin,معاونت,بازاریابی,محصولات تخصصی,زن,آسیایی,50,2018-06-29,181570,0.35,آمریکا,میامی
E02628,Anthony Chu,مدیر,حسابداری,تولید,مرد,آسیایی,61,2003-09-30,101517,0.09,آمریکا,سیاتل
E02629,Landon Ha,مدیر,حسابداری,تولید,مرد,آسیایی,43,2006-01-30,100822,0.1,چین,چونگ‌کینگ
E02630,Layla Kang,مدیر,بازاریابی,تحقیق و توسعه,زن,آسیایی,26,2022-03-02,128965,0.09,آمریکا,کلمبوس
E02631,Cora Xu,مدیر شبکه,آی‌تی,تولید,زن,آسیایی,54,2011-11-17,60513,0.0,آمریکا,آستین
E02632,Rylee Campos,مدیر,حسابداری,تحقیق و توسعه,زن,لاتین,49,2005-02-09,107461,0.08,آمریکا,سیاتل
E02633,Amelia Foster,تحلیلگر,حسابداری,تحقیق و توسعه,زن,آسیایی,32,2018-02-24,66294,0.0,آمریکا,کلمبوس
E02634,Hadley Rios,مدیر,حسابداری,تحقیق و توسعه,زن,لاتین,62,2009-01-11,157500,0.15,آمریکا,کلمبوس
E02635,Luna Chang,مهندس سازمانی,آی‌تی,محصولات تخصصی,زن,آسیایی,64,2022-10-20,43271,0.0,چین,چنگدو
E02636,Mia Navarro,مهندس فنی,آی‌تی,تحقیق و توسعه,زن,لاتین,52,2011-06-19,91518,0.0,برزیل,سائو پائولو
E02637,Nova Rios,مدیر,منابع انسانی,محصولات تخصصی,زن,لاتین,42,2019-04-15,130874,0.12,آمریکا,آستین
E02638,Theodore Truong,تحلیلگر,منابع انسانی,شرکت‌های بزرگ,مرد,آسیایی,45,2017-05-23,66324,0.0,چین,پکن
E02639,Asher Ly,تحلیلگر,حسابداری,شرکت‌های بزرگ,مرد,آسیایی,65,1998-01-29,63853,0.0,آمریکا,آستین
E02640,Madeline Doan,مدیر,منابع انسانی,شرکت‌های بزرگ,زن,آسیایی,46,2021-01-10,104692,0.08,چین,چنگدو
E02641,Scarlett Rodriguez,مدیر سیستم,آی‌تی,شرکت‌های بزرگ,زن,لاتین,64,2022-11-03,71864,0.0,برزیل,مانائوس
E02642,Zoey Lu,معاونت,بازاریابی,تولید,زن,آسیایی,45,2007-10-31,216269,0.37,آمریکا,شیکاگو
E02643,Mila Cheung,مهندس سازمانی,آی‌تی,محصولات تخصصی,زن,آسیایی,32,2021-12-17,73135,0.0,آمریکا,فینیکس
E02644,Lucy Mai,کارگردان,مهندسی,شرکت‌های بزرگ,زن,آسیایی,56,2022-06-27,197579,0.18,آمریکا,شیکاگو
E02645,Benjamin Luu,تحلیلگر,آی‌تی,شرکت‌های بزرگ,مرد,آسیایی,46,2011-12-15,59733,0.0,آمریکا,آستین
E02646,Mia Navarro,معاونت,منابع انسانی,شرکت‌های بزرگ,زن,لاتین,26,2020-05-22,187792,0.4,آمریکا,شیکاگو
E02647,Maya Watson,مدیر,منابع انسانی,محصولات تخصصی,زن,آسیایی,59,2017-01-07,108612,0.06,آمریکا,فینیکس
E02648,Jack Adams,مدیر سیستم,آی‌تی,شرکت‌های بزرگ,مرد,سیاه پوست,50,2018-07-18,80350,0.0,آمریکا,میامی
E02649,Gabriella Jordan,مهندس آزمون,مهندسی,تحقیق و توسعه,زن,آسیایی,32,2019-09-21,61243,0.0,آمریکا,میامی
E02650,Jonathan Torres,تحلیلگر,حسابداری,تولید,مرد,لاتین,56,2002-04-12,48896,0.0,برزیل,مانائوس
E02651,Samuel Xu,مهندس کیفیت,مهندسی,تحقیق و توسعه,مرد,آسیایی,32,2019-09-20,82887,0.0,چین,چنگدو
E02652,Ezekiel Lai,تحلیلگر,بازاریابی,تولید,مرد,آسیایی,45,2005-11-26,54742,0.0,چین,چنگدو
E02653,Levi Rahman,مدیر,بازاریابی,شرکت‌های بزرگ,مرد,آسیایی,43,2007-07-19,134544,0.13,آمریکا,آستین
E02654,Madison Phan,مدیر,آی‌تی,محصولات تخصصی,زن,آسیایی,45,2003-05-10,128115,0.06,آمریکا,آستین
E02655,Andrew Pham,تحلیلگر,حسابداری,محصولات تخصصی,مرد,آسیایی,38,2013-06-29,54713,0.0,آمریکا,کلمبوس
E02656,Clara Ford,تحلیلگر,حسابداری,تحقیق و توسعه,زن,آسیایی,46,2014-08-09,63987,0.0,آمریکا,سیاتل
E02657,Christopher Chau,مدیر توسعه,آی‌تی,تحقیق و توسعه,مرد,آسیایی,26,2021-12-28,86288,0.0,آمریکا,کلمبوس
E02658,Madeline Guerrero,مهندس کیفیت,مهندسی,شرکت‌های بزرگ,زن,لاتین,27,2020-08-16,61693,0.0,برزیل,سائو پائولو
E02659,Harper Yee,مدیر سیستم,آی‌تی,تولید,زن,آسیایی,48,2021-11-01,75624,0.0,چین,چنگدو
E02660,Mia Thomas,مدیر,منابع انسانی,شرکت‌های بزرگ,زن,آسیایی,57,2013-05-17,122979,0.06,آمریکا,فینیکس
E02661,Owen Nelson,کارگردان,مهندسی,محصولات تخصصی,مرد,آسیایی,58,2003-01-06,91729,0.13,آمریکا,شیکاگو
E02662,Aiden Evans,مدیر,حسابداری,شرکت‌های بزرگ,مرد,آسیایی,48,2010-05-16,117736,0.05,آمریکا,کلمبوس
E02663,Josiah Lai,مدیر,منابع انسانی,تحقیق و توسعه,مرد,آسیایی,54,1995-03-21,154658,0.12,چین,چونگ‌کینگ
E02664,Jameson Yee,مهندس سازمانی,آی‌تی,تحقیق و توسعه,مرد,آسیایی,29,2020-08-03,84397,0.0,آمریکا,سیاتل
E02665,Serenity Her,کارگردان,حسابداری,محصولات تخصصی,زن,آسیایی,50,1997-08-22,159285,0.15,آمریکا,آستین
E02666,Ariana Turner,تحلیلگر,حسابداری,تحقیق و توسعه,زن,آسیایی,49,2004-06-06,59854,0.0,آمریکا,میامی
E02667,Jacob Cooper,مدیر سیستم,آی‌تی,تحقیق و توسعه,مرد,آسیایی,64,2018-05-18,87521,0.0,آمریکا,سیاتل
E02668,Christopher Dominguez,کارگردان,بازاریابی,تحقیق و توسعه,مرد,لاتین,36,2015-09-17,179166,0.17,برزیل,مانائوس
E02669,Nevaeh Lim,مهندس کنترل,مهندسی,شرکت‌های بزرگ,زن,آسیایی,55,1999-03-29,120092,0.0,چین,چونگ‌کینگ
E02670,Dominic Cheng,کارگردان,مهندسی,شرکت‌های بزرگ,مرد,آسیایی,53,2015-06-19,168142,0.27,چین,پکن
E02671,Serenity Rodriguez,کارگردان,حسابداری,شرکت‌های بزرگ,زن,لاتین,54,1995-04-10,195662,0.15,آمریکا,کلمبوس
E02672,Caleb Thompson,تحلیلگر,آی‌تی,تولید,مرد,آسیایی,41,2012-12-17,49986,0.0,آمریکا,میامی
E02673,Luke Avila,معاونت,حسابداری,شرکت‌های بزرگ,مرد,لاتین,27,2020-08-21,181587,0.38,برزیل,مانائوس
E02674,Sadie Chin,معاونت,منابع انسانی,محصولات تخصصی,زن,آسیایی,51,2000-07-26,199736,0.35,آمریکا,آستین
E02675,Everett Le,معاونت,حسابداری,شرکت‌های بزرگ,مرد,آسیایی,45,2014-01-07,250639,0.34,چین,شانگهای
E02676,Carson Santos,مهندس فنی,حسابداری,شرکت‌های بزرگ,مرد,لاتین,34,2022-02-15,80655,0.0,برزیل,سائو پائولو
E02677,Natalie Ho,تحلیلگر,حسابداری,تحقیق و توسعه,زن,آسیایی,33,2020-11-22,64327,0.0,چین,چونگ‌کینگ
E02678,Natalia Hall,تحلیلگر,حسابداری,تحقیق و توسعه,زن,آسیایی,37,2018-11-08,72005,0.0,آمریکا,آستین
E02679,Zoey Ahmed,مهندس کیفیت,مهندسی,محصولات تخصصی,زن,آسیایی,56,2012-04-25,62497,0.0,آمریکا,سیاتل
E02680,Santiago f Turner,مهندس فنی,حسابداری,تحقیق و توسعه,مرد,آسیایی,46,2003-02-24,74912,0.0,آمریکا,فینیکس
E02681,Jacob Alexander,شریک تجاری,منابع انسانی,محصولات تخصصی,مرد,آسیایی,45,2001-03-19,50393,0.0,آمریکا,میامی
E02682,Christopher Aguilar,مهندس سازمانی,آی‌تی,تولید,مرد,لاتین,32,2021-05-14,79670,0.0,آمریکا,کلمبوس
E02683,Vivian Jackson,مدیر,حسابداری,شرکت‌های بزرگ,زن,سیاه پوست,51,1999-02-23,148942,0.13,آمریکا,کلمبوس
E02684,Leonardo Jenkins,تحلیلگر,آی‌تی,تحقیق و توسعه,مرد,آسیایی,29,2018-04-09,98504,0.0,آمریکا,میامی
E02685,Oliver Hunter,تحلیلگر,آی‌تی,تولید,مرد,آسیایی,38,2015-12-20,70588,0.0,آمریکا,میامی
E02686,Ayla Brooks,تحلیلگر,حسابداری,شرکت‌های بزرگ,زن,آسیایی,58,2001-11-21,58336,0.0,آمریکا,میامی
E02687,Willow Chau,مهندس توسعه,مهندسی,شرکت‌های بزرگ,زن,آسیایی,45,2011-09-09,86001,0.0,آمریکا,آستین
E02688,Kai Shin,تحلیلگر,حسابداری,محصولات تخصصی,مرد,آسیایی,49,2015-09-13,91121,0.0,آمریکا,سیاتل
E02689,Liliana Zhao,کارگردان,منابع انسانی,شرکت‌های بزرگ,زن,آسیایی,50,2011-08-30,183308,0.24,آمریکا,میامی
E02690,Aiden Carter,مهندس شبکه,آی‌تی,تولید,مرد,آسیایی,32,2021-03-05,71674,0.0,آمریکا,شیکاگو
E02691,Christopher Song,مهندس اتوماسیون,مهندسی,تولید,مرد,آسیایی,29,2017-01-03,118639,0.0,آمریکا,فینیکس
E02692,Charles Luu,مهندس سازمانی,آی‌تی,شرکت‌های بزرگ,مرد,آسیایی,34,2018-11-10,71808,0.0,چین,چنگدو
E02693,Kayden Dinh,مدیر,منابع انسانی,تولید,مرد,آسیایی,50,2019-05-26,156374,0.15,چین,پکن
E02694,Valentina Zhang,تحلیلگر,آی‌تی,تولید,زن,آسیایی,27,2021-03-10,51133,0.0,آمریکا,شیکاگو
E02695,Alexander Perez,مهندس کیفیت,مهندسی,محصولات تخصصی,مرد,لاتین,60,2008-06-25,86761,0.0,برزیل,ریو دو ژانیرو
E02696,Everleigh Kumar,مدیر,آی‌تی,تولید,زن,آسیایی,65,1994-07-05,125213,0.07,آمریکا,سیاتل
E02697,Santiago f Xiong,مدیر,حسابداری,تولید,مرد,آسیایی,43,2008-09-26,120305,0.07,چین,شانگهای
E02698,Elizabeth Powell,مدیر,بازاریابی,تحقیق و توسعه,زن,آسیایی,45,2013-09-17,138355,0.14,آمریکا,کلمبوس
E02699,Lucas Yang,مهندس کنترل,آی‌تی,شرکت‌های بزرگ,مرد,آسیایی,28,2021-07-04,70996,0.0,آمریکا,آستین
E02700,John Richardson,مدیر,آی‌تی,تولید,مرد,آسیایی,34,2014-12-29,77024,0.09,آمریکا,فینیکس
E02701,Miles Ross,مهندس سازمانی,آی‌تی,محصولات تخصصی,مرد,سیاه پوست,31,2017-04-18,50022,0.0,آمریکا,میامی
E02702,Jonathan Santos,معاونت,حسابداری,محصولات تخصصی,مرد,لاتین,29,2017-01-06,204534,0.38,آمریکا,شیکاگو
E02703,Joshua Maldonado,مهندس فنی,حسابداری,تحقیق و توسعه,مرد,لاتین,49,2005-12-22,75814,0.0,آمریکا,شیکاگو
E02704,Santiago f Vo,کارگردان,حسابداری,تولید,مرد,آسیایی,47,2019-07-15,169487,0.23,آمریکا,کلمبوس
E02705,Leilani Martin,مدیر,آی‌تی,شرکت‌های بزرگ,زن,آسیایی,56,2002-05-06,156435,0.1,آمریکا,شیکاگو
E02706,Luca Xiong,مهندس فنی,حسابداری,محصولات تخصصی,مرد,آسیایی,52,2006-12-20,59845,0.0,چین,پکن
E02707,Valentina Campos,مدیر سیستم,آی‌تی,تولید,زن,لاتین,37,2020-03-06,93656,0.0,آمریکا,کلمبوس
E02708,Grayson Jenkins,مهندس آزمون,مهندسی,تولید,مرد,آسیایی,55,1998-03-06,99035,0.0,آمریکا,میامی
E02709,Jeremiah Ross,مدیر,بازاریابی,شرکت‌های بزرگ,مرد,آسیایی,27,2021-06-17,137997,0.12,آمریکا,فینیکس
E02710,Natalie Zheng,مهندس کنترل,آی‌تی,تولید,زن,آسیایی,28,2019-06-21,61573,0.0,آمریکا,شیکاگو
E02711,Jace Mehta,تحلیلگر,حسابداری,تولید,مرد,آسیایی,55,2015-05-06,41102,0.0,آمریکا,سیاتل
E02712,Hannah Doan,مدیر,منابع انسانی,تحقیق و توسعه,زن,آسیایی,44,2011-09-16,129866,0.06,چین,پکن
E02713,Caroline Robinson,کارگردان,منابع انسانی,محصولات تخصصی,زن,آسیایی,28,2020-01-22,161868,0.21,آمریکا,آستین
E02714,Naomi Ma,کارگردان,مهندسی,شرکت‌های بزرگ,زن,آسیایی,55,1995-05-16,67131,0.0,آمریکا,آستین
E02715,Adam Davis,مهندس کیفیت,مهندسی,تحقیق و توسعه,مرد,سیاه پوست,44,2019-10-15,71345,0.0,آمریکا,میامی
E02716,Ellie Ho,معاونت,حسابداری,شرکت‌های بزرگ,زن,آسیایی,30,2019-10-09,246757,0.4,آمریکا,میامی
E02717,Mila Liang,مدیر,بازاریابی,تحقیق و توسعه,زن,آسیایی,63,2005-03-28,106880,0.08,آمریکا,آستین
E02718,Nova Doan,مدیر توسعه,آی‌تی,تولید,زن,آسیایی,36,2018-08-28,98733,0.0,چین,پکن
E02719,Colton Mejia,مدیر,حسابداری,تحقیق و توسعه,مرد,لاتین,28,2019-04-26,141675,0.12,برزیل,ریو دو ژانیرو
E02720,Joseph Kim,تحلیلگر,حسابداری,تحقیق و توسعه,مرد,آسیایی,28,2018-06-23,53210,0.0,آمریکا,سیاتل
E02721,Audrey Campos,مدیر,حسابداری,محصولات تخصصی,زن,لاتین,27,2021-09-02,107114,0.1,برزیل,ریو دو ژانیرو
E02722,Vivian Brooks,شریک تجاری,منابع انسانی,محصولات تخصصی,زن,سیاه پوست,34,2022-09-12,57483,0.0,آمریکا,سیاتل
E02723,Mateo Vargas,مهندس شبکه,آی‌تی,محصولات تخصصی,مرد,لاتین,53,1994-04-20,75226,0.0,برزیل,ریو دو ژانیرو
E02724,David Foster,مهندس کنترل,مهندسی,شرکت‌های بزرگ,مرد,آسیایی,50,2012-01-15,87727,0.0,آمریکا,میامی
E02725,Isaiah Ramos,مدیر سیستم,آی‌تی,تولید,مرد,لاتین,51,2018-06-21,87897,0.0,آمریکا,فینیکس
E02726,Samantha Do,مدیر توسعه,آی‌تی,تحقیق و توسعه,زن,آسیایی,27,2021-11-19,99612,0.0,چین,شانگهای
E02727,Emery Fernandez,تحلیلگر,حسابداری,تحقیق و توسعه,زن,لاتین,33,2019-03-27,56938,0.0,برزیل,سائو پائولو
E02728,Santiago f Brooks,مدیر,منابع انسانی,شرکت‌های بزرگ,مرد,آسیایی,46,2012-01-20,92247,0.0,آمریکا,میامی
E02729,Aubrey Lin,معاونت,منابع انسانی,شرکت‌های بزرگ,زن,آسیایی,51,2005-10-17,193672,0.36,آمریکا,کلمبوس
E02730,Jace Hsu,تحلیلگر,آی‌تی,تولید,مرد,آسیایی,31,2018-10-06,46098,0.0,چین,شانگهای
E02731,Nicholas Sanders,معاونت,حسابداری,تولید,مرد,آسیایی,45,2014-11-23,239980,0.31,آمریکا,آستین
E02732,Joshua Sun,مدیر,حسابداری,شرکت‌های بزرگ,مرد,آسیایی,38,2011-07-13,121546,0.1,چین,شانگهای
E02733,Riley Ayala,مدیر,حسابداری,محصولات تخصصی,زن,لاتین,42,2010-02-20,128714,0.07,برزیل,سائو پائولو
E02734,Isaac Santos,مهندس توسعه,مهندسی,تولید,مرد,لاتین,43,2018-09-13,91537,0.0,آمریکا,شیکاگو
E02735,Logan Brooks,کارگردان,آی‌تی,شرکت‌های بزرگ,مرد,آسیایی,28,2020-05-07,178300,0.24,آمریکا,آستین
E02736,Leilani Hu,تحلیلگر,حسابداری,تحقیق و توسعه,زن,آسیایی,57,2018-05-21,50260,0.0,چین,چنگدو
E02737,Jace Cho,کارگردان,مهندسی,تحقیق و توسعه,مرد,آسیایی,33,2016-08-06,161800,0.19,چین,چونگ‌کینگ
E02738,Jaxson Fong,مدیر,حسابداری,شرکت‌های بزرگ,مرد,آسیایی,32,2020-10-09,157616,0.1,چین,شانگهای
E02739,Wyatt Ly,مهندس کیفیت,مهندسی,شرکت‌های بزرگ,مرد,آسیایی,45,2008-12-19,82697,0.0,چین,پکن
E02740,Mia Huang,مدیر,آی‌تی,شرکت‌های بزرگ,زن,آسیایی,33,2018-09-21,124404,0.12,چین,چونگ‌کینگ
E02741,Levi Her,مدیر,آی‌تی,محصولات تخصصی,مرد,آسیایی,43,2012-03-30,158750,0.12,چین,چونگ‌کینگ
E02742,Everleigh Phillips,تحلیلگر,حسابداری,تولید,زن,آسیایی,62,2015-11-08,69057,0.0,آمریکا,شیکاگو
E02743,Natalie Acosta,مدیر,بازاریابی,محصولات تخصصی,زن,لاتین,36,2019-01-08,157976,0.1,برزیل,ریو دو ژانیرو
E02744,Hadley Chavez,تحلیلگر,حسابداری,شرکت‌های بزرگ,زن,لاتین,36,2020-06-28,54355,0.0,آمریکا,فینیکس
E02745,Hailey Liu,کارگردان,مهندسی,تولید,زن,آسیایی,31,2022-07-09,72475,0.0,آمریکا,فینیکس
E02746,Nicholas Jiang,کارگردان,مهندسی,تولید,مرد,آسیایی,62,2003-12-13,80132,0.14,چین,چونگ‌کینگ
E02747,Gabriel Xu,تحلیلگر,حسابداری,تحقیق و توسعه,مرد,آسیایی,30,2018-10-13,52292,0.0,چین,چنگدو
E02748,Sophia Collins,مهندس زیرساخت ابری,آی‌تی,محصولات تخصصی,زن,آسیایی,46,2022-01-08,69110,0.0,آمریکا,سیاتل
E02749,Evelyn Vasquez,مهندس فنی,آی‌تی,تولید,زن,لاتین,38,2013-02-24,68676,0.0,برزیل,سائو پائولو
E02750,Paisley Baker,مهندس آزمون,مهندسی,تولید,زن,آسیایی,58,2002-12-23,86094,0.0,آمریکا,کلمبوس
E02751,Eloise Griffin,مهندس سازمانی,آی‌تی,محصولات تخصصی,زن,آسیایی,27,2022-05-06,77607,0.0,آمریکا,میامی
E02752,Samuel Cruz,مدیر,منابع انسانی,محصولات تخصصی,مرد,لاتین,61,1993-04-30,157672,0.11,آمریکا,میامی
E02753,Gabriel Cheung,تحلیلگر,حسابداری,محصولات تخصصی,مرد,آسیایی,64,2016-11-29,43785,0.0,چین,چونگ‌کینگ
E02754,Kai Green,مدیر سیستم,آی‌تی,شرکت‌های بزرگ,مرد,آسیایی,65,2015-06-15,75439,0.0,آمریکا,سیاتل
E02755,Julia Moore,مدیر,آی‌تی,تولید,زن,آسیایی,37,2021-11-18,139987,0.13,آمریکا,سیاتل
E02756,Roman Mendoza,معاونت,حسابداری,محصولات تخصصی,مرد,لاتین,54,1994-09-04,257489,0.34,برزیل,ریو دو ژانیرو
E02757,Levi Rahman,مدیر سیستم,آی‌تی,محصولات تخصصی,مرد,آسیایی,54,2009-01-30,91639,0.0,آمریکا,سیاتل
E02758,Sadie Pham,تحلیلگر,حسابداری,محصولات تخصصی,زن,آسیایی,26,2022-12-25,66563,0.0,چین,چنگدو
E02759,Chloe Contreras,معاونت,بازاریابی,شرکت‌های بزرگ,زن,لاتین,29,2021-02-10,235047,0.36,آمریکا,فینیکس
E02760,Owen Ford,معاونت,منابع انسانی,شرکت‌های بزرگ,مرد,آسیایی,37,2015-02-10,214782,0.32,آمریکا,شیکاگو
E02761,Audrey Powell,کارگردان,حسابداری,تحقیق و توسعه,زن,سیاه پوست,37,2011-05-01,180544,0.27,آمریکا,شیکاگو
E02762,Greyson Munoz,مدیر,بازاریابی,تحقیق و توسعه,مرد,لاتین,62,2000-06-23,158614,0.14,برزیل,ریو دو ژانیرو
E02763,Isaiah Vang,مهندس کیفیت,مهندسی,شرکت‌های بزرگ,مرد,آسیایی,53,1998-11-30,63187,0.0,آمریکا,شیکاگو
E02764,Lincoln Alvarado,تحلیلگر,بازاریابی,تولید,مرد,لاتین,65,2004-12-08,93857,0.0,آمریکا,فینیکس
E02765,Carter Sandoval,معاونت,آی‌تی,تولید,مرد,لاتین,36,2021-03-11,253741,0.34,برزیل,ریو دو ژانیرو
E02766,Julia Jimenez,تحلیلگر,بازاریابی,محصولات تخصصی,زن,لاتین,46,2010-11-17,92833,0.0,برزیل,ریو دو ژانیرو
E02767,Savannah Cortez,تحلیلگر,آی‌تی,محصولات تخصصی,زن,لاتین,55,2018-12-15,95400,0.0,برزیل,مانائوس
E02768,Everly Brown,مهندس کیفیت,مهندسی,محصولات تخصصی,زن,سیاه پوست,63,2013-10-04,88230,0.0,آمریکا,میامی
E02769,Charlotte Pham,کارگردان,مهندسی,تحقیق و توسعه,زن,آسیایی,54,2003-02-25,62179,0.0,چین,شانگهای
E02770,Iris Bailey,مهندس سازمانی,آی‌تی,تحقیق و توسعه,زن,آسیایی,26,2020-02-18,42343,0.0,آمریکا,میامی
E02771,Logan Daniels,تحلیلگر,حسابداری,شرکت‌های بزرگ,مرد,آسیایی,26,2022-05-07,70275,0.0,آمریکا,کلمبوس
E02772,Autumn Molina,تحلیلگر,حسابداری,شرکت‌های بزرگ,زن,لاتین,34,2012-04-08,51448,0.0,برزیل,مانائوس
E02773,Emma Mehta,معاونت,مهندسی,تولید,زن,آسیایی,48,2009-04-09,185363,0.33,چین,شانگهای
E02774,Julian Joseph,مهندس سازمانی,آی‌تی,تولید,مرد,آسیایی,52,2018-09-20,60784,0.0,آمریکا,آستین
E02775,Eleanor Munoz,تحلیلگر,حسابداری,محصولات تخصصی,زن,لاتین,45,2004-04-07,45323,0.0,برزیل,ریو دو ژانیرو
E02776,Caroline Sandoval,مدیر,حسابداری,محصولات تخصصی,زن,لاتین,51,2012-09-10,129727,0.08,آمریکا,فینیکس
E02777,Eliza Zhu,مهندس فنی,حسابداری,محصولات تخصصی,زن,آسیایی,43,2006-09-30,63229,0.0,آمریکا,میامی
E02778,Greyson Moore,کارگردان,حسابداری,شرکت‌های بزرگ,مرد,آسیایی,54,2004-02-12,194221,0.16,آمریکا,آستین
E02779,Lyla Clark,تحلیلگر,حسابداری,تحقیق و توسعه,زن,آسیایی,54,2018-12-12,78020,0.0,آمریکا,کلمبوس
E02780,Samuel Patterson,معاونت,حسابداری,محصولات تخصصی,مرد,آسیایی,25,2022-10-07,197331,0.33,آمریکا,سیاتل
E02781,Robert Padilla,تحلیلگر,حسابداری,تولید,مرد,لاتین,65,1998-02-16,63346,0.0,برزیل,ریو دو ژانیرو
E02782,Landon Munoz,مهندس کنترل,مهندسی,تولید,مرد,لاتین,40,2014-07-11,105574,0.0,آمریکا,میامی
E02783,Josiah Yi,مهندس توسعه,مهندسی,شرکت‌های بزرگ,مرد,آسیایی,31,2015-04-12,101941,0.0,چین,پکن
E02784,Owen Scott,مدیر سیستم,آی‌تی,تحقیق و توسعه,مرد,سیاه پوست,45,2005-07-17,74777,0.0,آمریکا,آستین
E02785,Matthew Parker,تحلیلگر,حسابداری,تحقیق و توسعه,مرد,آسیایی,40,2021-09-15,59447,0.0,آمریکا,آستین
E02786,Daniel Huynh,مدیر,بازاریابی,تولید,مرد,آسیایی,25,2021-12-08,105072,0.06,چین,چنگدو
E02787,Matthew Vargas,مدیر,آی‌تی,تحقیق و توسعه,مرد,لاتین,53,1999-05-24,150893,0.13,آمریکا,شیکاگو
E02788,Ella Herrera,کارگردان,بازاریابی,شرکت‌های بزرگ,زن,لاتین,49,2013-02-08,156276,0.22,آمریکا,آستین
E02789,Everly Hwang,معاونت,حسابداری,تحقیق و توسعه,زن,آسیایی,31,2022-10-27,191755,0.4,آمریکا,میامی
E02790,Hazel Mitchell,مهندس کنترل,آی‌تی,محصولات تخصصی,زن,آسیایی,33,2020-11-04,81070,0.0,آمریکا,میامی
E02791,Ian Hernandez,کارگردان,حسابداری,شرکت‌های بزرگ,مرد,لاتین,40,2021-12-01,176533,0.25,آمریکا,آستین
E02792,Charlotte Lam,تحلیلگر,آی‌تی,تولید,زن,آسیایی,29,2020-08-26,60919,0.0,آمریکا,کلمبوس
E02793,Jonathan Ali,مهندس اتوماسیون,مهندسی,محصولات تخصصی,مرد,آسیایی,51,2004-07-20,88288,0.0,چین,چونگ‌کینگ
E02794,Violet He,تحلیلگر,حسابداری,تولید,زن,آسیایی,31,2021-11-19,53638,0.0,آمریکا,شیکاگو
E02795,Hannah Truong,تحلیلگر,حسابداری,محصولات تخصصی,زن,آسیایی,44,2009-03-25,75362,0.0,آمریکا,شیکاگو
E02796,Hannah Nelson,مهندس فنی,حسابداری,تولید,زن,آسیایی,38,2022-05-24,60799,0.0,آمریکا,سیاتل
E02797,Autumn Kaur,مدیر,حسابداری,شرکت‌های بزرگ,زن,آسیایی,29,2022-02-01,129172,0.08,چین,پکن
E02798,Serenity Ngo,تحلیلگر,حسابداری,شرکت‌های بزرگ,زن,آسیایی,49,2021-02-11,50012,0.0,آمریکا,سیاتل
E02799,Raelynn Her,مدیر,حسابداری,تحقیق و توسعه,زن,آسیایی,44,2018-05-09,122441,0.15,آمریکا,کلمبوس
E02800,Jameson Salazar,مهندس کنترل,مهندسی,محصولات تخصصی,مرد,لاتین,45,2003-03-12,85822,0.0,آمریکا,فینیکس
E02801,Luke Luna,تحلیلگر,حسابداری,محصولات تخصصی,مرد,لاتین,58,2007-05-21,43803,0.0,آمریکا,میامی
E02802,Hunter Moua,تحلیلگر,حسابداری,محصولات تخصصی,مرد,آسیایی,29,2019-11-29,72620,0.0,چین,چونگ‌کینگ
E02803,Athena Aguilar,تحلیلگر,بازاریابی,شرکت‌های بزرگ,زن,لاتین,25,2021-08-24,71222,0.0,برزیل,مانائوس
E02804,Ariana Sanders,کارگردان,مهندسی,تولید,زن,آسیایی,62,1994-12-26,155332,0.2,آمریکا,آستین
E02805,Easton Cruz,مدیر,حسابداری,تولید,مرد,لاتین,33,2016-11-21,107202,0.06,آمریکا,کلمبوس
E02806,Josiah Vega,مدیر,حسابداری,تولید,مرد,لاتین,56,2015-12-26,121751,0.08,آمریکا,کلمبوس
E02807,Isla Chavez,مدیر,حسابداری,شرکت‌های بزرگ,زن,لاتین,45,2010-09-29,115591,0.05,آمریکا,شیکاگو
E02808,Willow Estrada,مدیر,منابع انسانی,تحقیق و توسعه,زن,لاتین,28,2021-03-11,108601,0.05,برزیل,ریو دو ژانیرو
E02809,Nevaeh Ng,مدیر,منابع انسانی,تولید,زن,آسیایی,30,2019-03-18,159823,0.11,آمریکا,سیاتل
E02810,Jade Hu,تحلیلگر,بازاریابی,تحقیق و توسعه,زن,آسیایی,45,2001-12-15,53526,0.0,آمریکا,سیاتل
E02811,Henry Vazquez,مدیر توسعه,آی‌تی,محصولات تخصصی,مرد,لاتین,33,2016-12-03,90084,0.0,آمریکا,کلمبوس
E02812,Nathan Jackson,معاونت,حسابداری,تولید,مرد,آسیایی,41,2011-03-25,210085,0.39,آمریکا,شیکاگو
E02813,Anthony Lam,مدیر,حسابداری,محصولات تخصصی,مرد,آسیایی,33,2015-02-07,133908,0.15,آمریکا,شیکاگو
E02814,Nevaeh Ali,مدیر,بازاریابی,تولید,زن,آسیایی,48,2013-03-22,100652,0.07,آمریکا,میامی
E02815,Mila Vasquez,معاونت,منابع انسانی,شرکت‌های بزرگ,زن,لاتین,48,2013-07-26,225725,0.37,آمریکا,فینیکس
E02816,Madelyn Henry,معاونت,منابع انسانی,محصولات تخصصی,زن,آسیایی,41,2007-05-10,224989,0.33,آمریکا,سیاتل
E02817,Emilia Alexander,مهندس توسعه,مهندسی,محصولات تخصصی,زن,آسیایی,37,2022-09-11,109680,0.0,آمریکا,سیاتل
E02818,Christian Ayala,مهندس فنی,حسابداری,تحقیق و توسعه,مرد,لاتین,55,2003-09-28,74216,0.0,برزیل,مانائوس
E02819,Willow Xiong,مدیر,بازاریابی,شرکت‌های بزرگ,زن,آسیایی,37,2021-05-04,151363,0.12,آمریکا,میامی
E02820,Avery Valdez,تحلیلگر,منابع انسانی,تحقیق و توسعه,زن,لاتین,58,2000-01-29,62686,0.0,آمریکا,فینیکس
E02821,Abigail Carter,کارگردان,منابع انسانی,تحقیق و توسعه,زن,سیاه پوست,51,2015-01-12,178218,0.27,آمریکا,میامی
E02822,Madison Patel,مهندس آزمون,مهندسی,شرکت‌های بزرگ,زن,آسیایی,37,2013-10-26,69125,0.0,آمریکا,آستین
E02823,Paisley Hsu,کارگردان,حسابداری,محصولات تخصصی,زن,آسیایی,43,2006-01-07,161376,0.24,چین,پکن
E02824,Kinsley Hill,مهندس فنی,حسابداری,تحقیق و توسعه,زن,آسیایی,26,2022-06-16,59436,0.0,آمریکا,کلمبوس
E02825,Kai Barnes,مهندس فنی,حسابداری,تحقیق و توسعه,مرد,آسیایی,35,2016-08-24,58733,0.0,آمریکا,میامی
E02826,Lincoln Cheng,تحلیلگر,حسابداری,شرکت‌های بزرگ,مرد,آسیایی,61,1997-10-14,88681,0.0,چین,شانگهای
E02827,Noah Sharma,کارگردان,حسابداری,محصولات تخصصی,مرد,آسیایی,59,2008-02-09,186854,0.3,آمریکا,فینیکس
E02828,Nevaeh Jiang,تحلیلگر,حسابداری,تولید,زن,آسیایی,65,1997-07-10,96897,0.0,چین,چنگدو
E02829,Ariana Hall,مدیر,منابع انسانی,شرکت‌های بزرگ,زن,آسیایی,55,2005-01-17,128954,0.05,آمریکا,فینیکس
E02830,Samuel Cao,مهندس فنی,حسابداری,محصولات تخصصی,مرد,آسیایی,51,1999-05-22,67418,0.0,چین,شانگهای
E02831,Brooks Mitchell,مدیر,حسابداری,محصولات تخصصی,مرد,آسیایی,53,2014-08-10,125545,0.06,آمریکا,آستین
E02832,Kinsley Gonzalez,مدیر,آی‌تی,تحقیق و توسعه,زن,لاتین,47,2000-01-27,125641,0.05,آمریکا,سیاتل
E02833,Dominic Tang,مدیر,حسابداری,شرکت‌های بزرگ,مرد,آسیایی,53,1993-12-08,100666,0.1,چین,پکن
E02834,Colton Le,تحلیلگر,منابع انسانی,محصولات تخصصی,مرد,آسیایی,38,2010-01-12,71235,0.0,چین,چونگ‌کینگ
E02835,Kai Huang,مدیر,منابع انسانی,شرکت‌های بزرگ,مرد,آسیایی,28,2021-01-15,83235,0.0,آمریکا,آستین
E02836,Addison Cruz,تحلیلگر,حسابداری,شرکت‌های بزرگ,زن,لاتین,32,2014-09-08,42075,0.0,برزیل,ریو دو ژانیرو
E02837,Natalie Thao,تحلیلگر,آی‌تی,محصولات تخصصی,زن,آسیایی,52,2022-10-23,55020,0.0,چین,چونگ‌کینگ
E02838,Maria Barnes,تحلیلگر,بازاریابی,شرکت‌های بزرگ,زن,آسیایی,64,2003-05-13,76506,0.0,آمریکا,آستین
E02839,Everett Le,مدیر,حسابداری,تولید,مرد,آسیایی,55,2007-03-03,100051,0.07,چین,چنگدو
E02840,Mia Vang,معاونت,حسابداری,شرکت‌های بزرگ,زن,آسیایی,38,2014-04-19,256509,0.39,چین,شانگهای
E02841,Zoey Mendoza,مهندس توسعه,مهندسی,محصولات تخصصی,زن,لاتین,30,2020-02-16,76904,0.0,برزیل,ریو دو ژانیرو
E02842,Parker Desai,تحلیلگر,حسابداری,تحقیق و توسعه,مرد,آسیایی,43,2018-11-08,87914,0.0,چین,شانگهای
E02843,Alexander Liang,معاونت,حسابداری,تولید,مرد,آسیایی,40,2010-03-05,235994,0.33,چین,پکن
E02844,Adam Jordan,مهندس اتوماسیون,مهندسی,شرکت‌های بزرگ,مرد,آسیایی,55,2015-03-12,79620,0.0,آمریکا,شیکاگو
E02845,Leah Stewart,مهندس زیرساخت ابری,آی‌تی,تحقیق و توسعه,زن,آسیایی,36,2010-06-04,62450,0.0,آمریکا,آستین
E02846,Robert Santos,مدیر,منابع انسانی,تحقیق و توسعه,مرد,لاتین,47,2000-12-29,134612,0.12,آمریکا,آستین
E02847,Addison Ma,تحلیلگر,آی‌تی,تحقیق و توسعه,زن,آسیایی,59,2008-05-21,46151,0.0,آمریکا,فینیکس
E02848,Clara Collins,مهندس کنترل,آی‌تی,تولید,زن,آسیایی,40,2008-03-03,63889,0.0,آمریکا,سیاتل
E02849,Stella Castro,مهندس آزمون,مهندسی,شرکت‌های بزرگ,زن,لاتین,53,2009-04-17,75060,0.0,آمریکا,کلمبوس
E02850,Lucy Chin,کارگردان,آی‌تی,تولید,زن,آسیایی,50,2011-04-22,175033,0.2,چین,پکن
E02851,Piper Evans,مدیر,آی‌تی,محصولات تخصصی,زن,آسیایی,52,2014-01-28,89379,0.1,آمریکا,سیاتل
E02852,Cora Coleman,مهندس کنترل,مهندسی,شرکت‌های بزرگ,زن,سیاه پوست,40,2011-04-09,98594,0.0,آمریکا,فینیکس
E02853,Cora Holmes,معاونت,بازاریابی,تحقیق و توسعه,زن,آسیایی,39,2021-10-05,224435,0.33,آمریکا,سیاتل
E02854,Leo Figueroa,مهندس فنی,آی‌تی,شرکت‌های بزرگ,مرد,لاتین,31,2015-01-21,63644,0.0,برزیل,مانائوس
E02855,Allison Wang,مدیر,حسابداری,تولید,زن,آسیایی,30,2018-12-16,121234,0.05,آمریکا,آستین
E02856,Levi Cruz,تحلیلگر,حسابداری,تحقیق و توسعه,مرد,لاتین,47,2007-09-22,83793,0.0,آمریکا,میامی
E02857,Iris Phillips,مهندس آزمون,مهندسی,تحقیق و توسعه,زن,آسیایی,46,2019-11-28,99586,0.0,آمریکا,میامی
E02858,Madelyn Chavez,شریک تجاری,منابع انسانی,شرکت‌های بزرگ,زن,لاتین,43,2006-09-11,59514,0.0,برزیل,ریو دو ژانیرو
E02859,Caroline Smith,مدیر,بازاریابی,شرکت‌های بزرگ,زن,آسیایی,28,2020-04-27,106043,0.1,آمریکا,کلمبوس
E02860,Grayson Lai,مدیر سیستم,آی‌تی,محصولات تخصصی,مرد,آسیایی,47,2005-09-12,78985,0.0,چین,پکن
E02861,Anna Guerrero,معاونت,آی‌تی,تحقیق و توسعه,زن,لاتین,43,2012-11-24,226122,0.32,برزیل,مانائوس
E02862,Paisley Bell,مدیر,حسابداری,تولید,زن,سیاه پوست,42,2012-01-10,110720,0.09,آمریکا,میامی
E02863,Jose Park,کارگردان,آی‌تی,تحقیق و توسعه,مرد,آسیایی,45,2009-10-11,152519,0.3,چین,چونگ‌کینگ
E02864,Eliza Parker,مهندس توسعه,مهندسی,شرکت‌های بزرگ,زن,آسیایی,37,2010-03-24,80015,0.0,آمریکا,شیکاگو
E02865,Harper Castillo,معاونت,آی‌تی,شرکت‌های بزرگ,زن,لاتین,46,2020-09-02,192286,0.32,برزیل,ریو دو ژانیرو
E02866,Melody Yoon,شریک تجاری,منابع انسانی,محصولات تخصصی,زن,آسیایی,49,2014-10-15,40352,0.0,چین,پکن
E02867,Avery Smith,مدیر,منابع انسانی,شرکت‌های بزرگ,زن,آسیایی,53,2008-06-27,147813,0.13,آمریکا,شیکاگو
E02868,Madeline Vu,مدیر سیستم,آی‌تی,تولید,زن,آسیایی,61,2010-06-05,96404,0.0,چین,چنگدو
E02869,Aubrey Cheng,تحلیلگر,حسابداری,تولید,زن,آسیایی,46,2001-06-17,64882,0.0,آمریکا,شیکاگو
E02870,Clara Henderson,معاونت,حسابداری,تولید,زن,آسیایی,58,2016-10-23,203739,0.3,آمریکا,میامی
E02871,Jace Henderson,کارگردان,مهندسی,تحقیق و توسعه,مرد,آسیایی,34,2022-03-16,197849,0.19,آمریکا,فینیکس
E02872,Caroline Martin,مدیر,آی‌تی,تولید,زن,سیاه پوست,54,2000-10-15,60116,0.05,آمریکا,شیکاگو
E02873,Asher Bui,مهندس فنی,حسابداری,محصولات تخصصی,مرد,آسیایی,41,2009-01-27,90881,0.0,چین,شانگهای
E02874,Samantha Chau,مهندس شبکه,آی‌تی,محصولات تخصصی,زن,آسیایی,28,2021-11-10,83965,0.0,چین,چنگدو
E02875,Charles Robinson,مهندس توسعه,مهندسی,شرکت‌های بزرگ,مرد,سیاه پوست,62,2006-06-30,73500,0.0,آمریکا,فینیکس
E02876,Jonathan Nelson,کارگردان,منابع انسانی,تولید,مرد,آسیایی,59,2022-07-02,175137,0.26,آمریکا,شیکاگو
E02877,Liliana Simmons,کارگردان,بازاریابی,تولید,زن,آسیایی,35,2012-06-07,161453,0.27,آمریکا,فینیکس
E02878,Logan Ortega,تحلیلگر,بازاریابی,تولید,مرد,لاتین,31,2020-05-19,64234,0.0,آمریکا,سیاتل
E02879,Isaac Jung,مدیر,آی‌تی,محصولات تخصصی,مرد,آسیایی,55,1994-07-12,103726,0.08,چین,شانگهای
E02880,Christopher Desai,مهندس اتوماسیون,مهندسی,تحقیق و توسعه,مرد,آسیایی,46,2000-12-29,114260,0.0,چین,چنگدو
E02881,Levi Gonzalez,مهندس کنترل,مهندسی,شرکت‌های بزرگ,مرد,لاتین,36,2012-04-27,116168,0.0,آمریکا,آستین
E02882,Santiago f Wang,مدیر,حسابداری,تحقیق و توسعه,مرد,آسیایی,27,2021-08-09,133267,0.12,آمریکا,فینیکس
E02883,Julia Kim,مهندس فنی,حسابداری,محصولات تخصصی,زن,آسیایی,50,2016-12-04,50038,0.0,چین,چونگ‌کینگ
E02884,Noah Allen,تحلیلگر,حسابداری,شرکت‌های بزرگ,مرد,آسیایی,27,2022-01-06,52058,0.0,آمریکا,کلمبوس
E02885,Colton Adams,مدیر,بازاریابی,محصولات تخصصی,مرد,آسیایی,25,2022-11-19,112646,0.08,آمریکا,کلمبوس
E02886,Colton Mehta,تحلیلگر,حسابداری,تولید,مرد,آسیایی,42,2014-12-07,53829,0.0,چین,پکن
E02887,Caroline Gomez,مهندس فنی,حسابداری,محصولات تخصصی,زن,لاتین,65,1997-11-19,90737,0.0,برزیل,سائو پائولو
E02888,Kayden Tang,مدیر,منابع انسانی,محصولات تخصصی,مرد,آسیایی,57,2012-03-11,136723,0.11,آمریکا,آستین
E02889,Hadley Parker,مدیر,حسابداری,تولید,زن,آسیایی,44,2010-01-09,129099,0.06,آمریکا,آستین
E02890,Elizabeth Estrada,مهندس سازمانی,آی‌تی,شرکت‌های بزرگ,زن,لاتین,37,2016-12-20,59376,0.0,آمریکا,میامی
E02891,Sofia Yee,مدیر سیستم,آی‌تی,تحقیق و توسعه,زن,آسیایی,52,2018-12-25,98060,0.0,آمریکا,میامی
E02892,Asher Mendoza,مدیر,منابع انسانی,شرکت‌های بزرگ,مرد,لاتین,49,2014-02-21,152911,0.1,برزیل,ریو دو ژانیرو
E02893,Jordan Hernandez,تحلیلگر,آی‌تی,تحقیق و توسعه,مرد,لاتین,47,2003-12-15,42994,0.0,برزیل,سائو پائولو
E02894,Everleigh Tan,تحلیلگر,حسابداری,تولید,زن,آسیایی,42,2019-03-28,59853,0.0,چین,چنگدو
E02895,Joshua Hall,تحلیلگر,آی‌تی,تولید,مرد,سیاه پوست,61,2011-12-07,41220,0.0,آمریکا,شیکاگو
E02896,Stella Gupta,تحلیلگر,حسابداری,شرکت‌های بزرگ,زن,آسیایی,33,2020-02-18,97261,0.0,چین,پکن
E02897,Levi White,مدیر,منابع انسانی,تولید,مرد,سیاه پوست,45,2018-07-19,127363,0.09,آمریکا,کلمبوس
E02898,Matthew Jackson,مدیر,بازاریابی,محصولات تخصصی,مرد,آسیایی,30,2019-10-13,111274,0.06,آمریکا,سیاتل
E02899,Dominic Martinez,مدیر,آی‌تی,شرکت‌های بزرگ,مرد,لاتین,53,2018-04-17,90554,0.07,برزیل,ریو دو ژانیرو
E02900,Aiden Aguilar,مدیر,حسابداری,تحقیق و توسعه,مرد,لاتین,62,1997-12-12,100226,0.1,آمریکا,سیاتل
E02901,Victoria Hu,کارگردان,مهندسی,تولید,زن,آسیایی,37,2017-04-21,93348,0.0,چین,چونگ‌کینگ
E02902,Eloise Campos,مهندس کنترل,آی‌تی,تحقیق و توسعه,زن,لاتین,62,1993-06-25,78059,0.0,آمریکا,فینیکس
E02903,Emilia Alvarado,شریک تجاری,منابع انسانی,تحقیق و توسعه,زن,لاتین,63,2001-06-29,58480,0.0,برزیل,مانائوس
E02904,Lydia Ahmed,معاونت,حسابداری,شرکت‌های بزرگ,زن,آسیایی,39,2017-04-24,218052,0.39,چین,چنگدو
E02905,Dylan Simmons,مدیر,حسابداری,تولید,مرد,سیاه پوست,52,2002-05-23,129231,0.09,آمریکا,میامی
E02906,Jaxson Chu,کارگردان,بازاریابی,محصولات تخصصی,مرد,آسیایی,54,2010-10-10,161878,0.22,چین,چونگ‌کینگ
E02907,Ariana Griffin,معاونت,بازاریابی,شرکت‌های بزرگ,زن,آسیایی,32,2015-03-04,241722,0.38,آمریکا,شیکاگو
E02908,Hudson Bailey,مدیر سیستم,آی‌تی,شرکت‌های بزرگ,مرد,آسیایی,56,2018-03-12,91835,0.0,آمریکا,سیاتل
E02909,Colton Grant,تحلیلگر,حسابداری,تولید,مرد,آسیایی,47,2011-01-07,93910,0.0,آمریکا,میامی
E02910,Emery Flores,تحلیلگر,حسابداری,تحقیق و توسعه,زن,لاتین,45,2005-11-18,86303,0.0,آمریکا,فینیکس
E02911,Gabriella Wong,مدیر,حسابداری,شرکت‌های بزرگ,زن,آسیایی,56,1995-05-01,122731,0.13,آمریکا,سیاتل
E02912,Ian Gonzales,مدیر,حسابداری,شرکت‌های بزرگ,مرد,لاتین,38,2018-12-29,147867,0.12,آمریکا,میامی
E02913,Jaxon Wright,مدیر,منابع انسانی,تحقیق و توسعه,مرد,آسیایی,47,2004-08-30,123790,0.05,آمریکا,آستین
E02914,Ethan Cruz,مدیر,منابع انسانی,محصولات تخصصی,مرد,لاتین,51,2000-04-28,77153,0.0,آمریکا,میامی
E02915,Adrian James,مهندس سازمانی,آی‌تی,تحقیق و توسعه,مرد,آسیایی,52,1994-08-15,73779,0.0,آمریکا,شیکاگو
E02916,Isabella Mejia,معاونت,حسابداری,شرکت‌های بزرگ,زن,لاتین,56,2018-10-07,231699,0.32,برزیل,مانائوس
E02917,Christopher Miller,معاونت,حسابداری,شرکت‌های بزرگ,مرد,سیاه پوست,37,2009-05-16,199512,0.35,آمریکا,آستین
E02918,Samuel Watson,مهندس شبکه,آی‌تی,شرکت‌های بزرگ,مرد,آسیایی,29,2022-04-09,77557,0.0,آمریکا,میامی
E02919,Lucy Phan,تحلیلگر,حسابداری,تحقیق و توسعه,زن,آسیایی,59,2021-02-18,99760,0.0,چین,چونگ‌کینگ
E02920,Dominic Thao,تحلیلگر,بازاریابی,محصولات تخصصی,مرد,آسیایی,50,1996-09-08,96297,0.0,آمریکا,میامی
E02921,Jaxon Shin,مهندس سازمانی,آی‌تی,محصولات تخصصی,مرد,آسیایی,48,2010-12-27,53593,0.0,چین,چنگدو
E02922,Nevaeh Diaz,کارگردان,بازاریابی,تولید,زن,لاتین,44,2018-03-03,167660,0.29,برزیل,سائو پائولو
E02923,Isaac Jenkins,تحلیلگر,حسابداری,محصولات تخصصی,مرد,آسیایی,29,2021-07-18,43084,0.0,آمریکا,سیاتل
E02924,Jace Barnes,مدیر,آی‌تی,تولید,مرد,آسیایی,60,1996-07-09,154707,0.13,آمریکا,آستین
E02925,Carson Liu,معاونت,آی‌تی,تحقیق و توسعه,مرد,آسیایی,56,2011-03-11,184780,0.38,آمریکا,آستین
E02926,Sofia Gutierrez,مدیر,بازاریابی,تولید,زن,لاتین,31,2015-10-19,109925,0.07,برزیل,مانائوس
E02927,Jeremiah Chang,مدیر,حسابداری,شرکت‌های بزرگ,مرد,آسیایی,53,2015-03-09,151706,0.11,چین,چنگدو
E02928,Connor Ruiz,مدیر,حسابداری,تولید,مرد,لاتین,26,2022-12-19,102066,0.1,آمریکا,آستین
E02929,Easton Truong,معاونت,بازاریابی,تحقیق و توسعه,مرد,آسیایی,31,2021-05-13,234203,0.36,آمریکا,سیاتل
E02930,Sebastian Vargas,مدیر,بازاریابی,شرکت‌های بزرگ,مرد,لاتین,48,2019-07-12,121884,0.12,آمریکا,آستین
E02931,Joseph Dang,معاونت,بازاریابی,تحقیق و توسعه,مرد,آسیایی,61,2014-04-20,209680,0.34,چین,شانگهای
E02932,Madison White,معاونت,آی‌تی,تحقیق و توسعه,زن,آسیایی,42,2011-07-09,240940,0.34,آمریکا,فینیکس
E02933,Valentina Nelson,مدیر شبکه,آی‌تی,تولید,زن,آسیایی,50,2013-12-16,63884,0.0,آمریکا,میامی
E02934,Everleigh Coleman,مهندس زیرساخت ابری,آی‌تی,محصولات تخصصی,زن,آسیایی,46,2012-03-20,74026,0.0,آمریکا,فینیکس
E02935,Everleigh Castillo,تحلیلگر,آی‌تی,محصولات تخصصی,زن,لاتین,50,2007-11-12,67756,0.0,آمریکا,شیکاگو
E02936,Valentina Fernandez,کارگردان,حسابداری,شرکت‌های بزرگ,زن,لاتین,62,2012-01-23,180256,0.2,آمریکا,فینیکس
E02937,Serenity Richardson,کارگردان,مهندسی,محصولات تخصصی,زن,آسیایی,45,2019-03-14,183165,0.18,آمریکا,میامی
E02938,Cooper Ramirez,کارگردان,حسابداری,محصولات تخصصی,مرد,لاتین,34,2012-02-07,195194,0.23,آمریکا,شیکاگو
E02939,Penelope Avila,تحلیلگر,بازاریابی,شرکت‌های بزرگ,زن,لاتین,35,2012-05-22,46569,0.0,آمریکا,آستین
E02940,David Barnes,مدیر توسعه,آی‌تی,شرکت‌های بزرگ,مرد,آسیایی,41,2006-08-19,70566,0.0,آمریکا,میامی
E02941,Ivy Luong,مهندس زیرساخت ابری,آی‌تی,شرکت‌های بزرگ,زن,آسیایی,56,1993-07-05,75435,0.0,آمریکا,آستین
E02942,Aurora Bailey,مهندس توسعه,مهندسی,تحقیق و توسعه,زن,آسیایی,31,2020-05-23,69108,0.0,آمریکا,میامی
E02943,Valentina Valdez,مدیر,حسابداری,تحقیق و توسعه,زن,لاتین,40,2008-05-01,140589,0.14,برزیل,مانائوس
E02944,Parker Dinh,معاونت,حسابداری,محصولات تخصصی,مرد,آسیایی,51,2006-06-28,206423,0.36,چین,پکن
E02945,Eliana Hsu,مهندس توسعه,مهندسی,محصولات تخصصی,زن,آسیایی,49,2021-06-09,123738,0.0,آمریکا,فینیکس
E02946,Logan Parker,تحلیلگر,منابع انسانی,تحقیق و توسعه,مرد,آسیایی,34,2019-01-13,58120,0.0,آمریکا,آستین
E02947,Liliana Green,مدیر شبکه,آی‌تی,شرکت‌های بزرگ,زن,آسیایی,48,2000-05-19,62672,0.0,آمریکا,شیکاگو
E02948,Victoria Vazquez,مهندس آزمون,مهندسی,تحقیق و توسعه,زن,لاتین,45,2007-05-08,92037,0.0,آمریکا,فینیکس
E02949,Kinsley Huynh,معاونت,منابع انسانی,محصولات تخصصی,زن,آسیایی,53,2009-04-22,258722,0.36,آمریکا,فینیکس
E02950,Anna Carrillo,مهندس توسعه,مهندسی,شرکت‌های بزرگ,زن,لاتین,55,2003-02-21,64809,0.0,برزیل,ریو دو ژانیرو
E02951,Isla Singh,مهندس کیفیت,مهندسی,شرکت‌های بزرگ,زن,آسیایی,56,2022-01-01,95577,0.0,چین,شانگهای
E02952,Emma Yu,مهندس توسعه,مهندسی,تحقیق و توسعه,زن,آسیایی,41,2005-08-13,73059,0.0,چین,شانگهای
E02953,Jonathan Dominguez,تحلیلگر,حسابداری,محصولات تخصصی,مرد,لاتین,55,2002-07-14,54641,0.0,برزیل,سائو پائولو
E02954,Caleb Mehta,مهندس کیفیت,مهندسی,محصولات تخصصی,مرد,آسیایی,42,2015-05-14,93851,0.0,آمریکا,میامی
E02955,Connor Simmons,تحلیلگر,حسابداری,تحقیق و توسعه,مرد,سیاه پوست,30,2022-01-17,96010,0.0,آمریکا,شیکاگو
E02956,Jaxon Lai,مدیر شبکه,آی‌تی,تحقیق و توسعه,مرد,آسیایی,44,2004-03-08,73386,0.0,چین,چونگ‌کینگ
E02957,Madelyn Yee,تحلیلگر,حسابداری,تحقیق و توسعه,زن,آسیایی,49,1999-10-15,95033,0.0,آمریکا,آستین
E02958,Elena Jimenez,معاونت,مهندسی,محصولات تخصصی,زن,لاتین,43,2011-11-11,185211,0.39,برزیل,سائو پائولو
E02959,Sadie Ali,مدیر,بازاریابی,محصولات تخصصی,زن,آسیایی,53,2014-04-05,125099,0.08,چین,چنگدو
E02960,Lucas Sandoval,تحلیلگر,حسابداری,تولید,مرد,لاتین,41,2011-05-19,84627,0.0,برزیل,مانائوس
E02961,Brooks Ngo,معاونت,مهندسی,شرکت‌های بزرگ,مرد,آسیایی,26,2020-03-02,211114,0.3,آمریکا,میامی
E02962,Piper Oh,تحلیلگر,بازاریابی,تحقیق و توسعه,زن,آسیایی,57,1996-01-23,73117,0.0,آمریکا,کلمبوس
E02963,Hunter Molina,تحلیلگر,بازاریابی,محصولات تخصصی,مرد,لاتین,41,2018-02-20,55330,0.0,آمریکا,آستین
E02964,Michael Hoang,کارگردان,آی‌تی,محصولات تخصصی,مرد,آسیایی,59,2017-05-04,190570,0.17,چین,پکن
E02965,Eloise Sun,کارگردان,آی‌تی,محصولات تخصصی,زن,آسیایی,59,2005-06-01,198745,0.25,آمریکا,فینیکس
E02966,Gianna Jimenez,شریک تجاری,منابع انسانی,تولید,زن,لاتین,54,2015-11-26,52901,0.0,برزیل,سائو پائولو
E02967,Ava Chan,مدیر,منابع انسانی,شرکت‌های بزرگ,زن,آسیایی,44,2022-10-12,137426,0.14,چین,چونگ‌کینگ
E02968,Leilani Navarro,مدیر,بازاریابی,محصولات تخصصی,زن,لاتین,55,2022-07-08,117912,0.05,برزیل,ریو دو ژانیرو
E02969,Lydia Chu,کارگردان,آی‌تی,تحقیق و توسعه,زن,آسیایی,30,2021-10-03,154475,0.15,چین,چونگ‌کینگ
E02970,Liam Salazar,مهندس فنی,حسابداری,محصولات تخصصی,مرد,لاتین,44,2020-10-25,62184,0.0,برزیل,سائو پائولو
E02971,Hailey Henderson,تحلیلگر,بازاریابی,محصولات تخصصی,زن,آسیایی,57,2008-08-13,51415,0.0,آمریکا,کلمبوس
E02972,آستین Espinoza,مهندس توسعه,مهندسی,شرکت‌های بزرگ,مرد,لاتین,58,2006-03-17,77441,0.0,آمریکا,سیاتل
E02973,Delilah Ng,مهندس توسعه,مهندسی,تولید,زن,آسیایی,59,2008-08-20,98794,0.0,آمریکا,شیکاگو
E02974,Gabriella Han,مدیر سیستم,آی‌تی,تولید,زن,آسیایی,60,2000-01-22,77843,0.0,آمریکا,کلمبوس
E02975,Aria Miller,مدیر شبکه,آی‌تی,تحقیق و توسعه,زن,سیاه پوست,32,2019-06-07,65666,0.0,آمریکا,کلمبوس
E02976,Sofia Dixon,مهندس اتوماسیون,مهندسی,تولید,زن,آسیایی,41,2011-09-13,95598,0.0,آمریکا,کلمبوس
E02977,Ethan Xiong,مهندس کنترل,آی‌تی,محصولات تخصصی,مرد,آسیایی,39,2012-05-05,91144,0.0,آمریکا,کلمبوس
E02978,Gabriella Cruz,تحلیلگر,بازاریابی,محصولات تخصصی,زن,لاتین,39,2020-08-13,76759,0.0,آمریکا,میامی
E02979,Christopher Kang,کارگردان,مهندسی,تحقیق و توسعه,مرد,آسیایی,31,2016-09-07,118644,0.13,آمریکا,فینیکس
E02980,Ariana Pham,تحلیلگر,حسابداری,تحقیق و توسعه,زن,آسیایی,32,2015-10-17,79773,0.0,چین,پکن
E02981,Colton Bui,مدیر,حسابداری,تحقیق و توسعه,مرد,آسیایی,46,2018-12-20,128845,0.13,چین,شانگهای
E02982,Caroline Cortez,مدیر,آی‌تی,محصولات تخصصی,زن,لاتین,64,2014-10-04,120704,0.08,آمریکا,میامی
E02983,Nora Richardson,کارگردان,منابع انسانی,محصولات تخصصی,زن,آسیایی,53,1999-01-08,173624,0.17,آمریکا,میامی
E02984,Alexander Sanchez,تحلیلگر,حسابداری,تولید,مرد,لاتین,34,2018-11-06,80772,0.0,آمریکا,میامی
E02985,Logan Rahman,مدیر,منابع انسانی,محصولات تخصصی,مرد,آسیایی,39,2008-07-27,126350,0.05,آمریکا,آستین
E02986,Henry Rogers,مهندس فنی,حسابداری,شرکت‌های بزرگ,مرد,آسیایی,25,2021-05-05,72693,0.0,آمریکا,سیاتل
E02987,Delilah Cheng,مدیر سیستم,آی‌تی,محصولات تخصصی,زن,آسیایی,45,2015-03-15,92820,0.0,چین,چونگ‌کینگ
E02988,Caroline Rodriguez,مدیر,حسابداری,شرکت‌های بزرگ,زن,لاتین,61,1997-04-17,135561,0.13,برزیل,مانائوس
E02989,Jack Chin,مدیر,حسابداری,شرکت‌های بزرگ,مرد,آسیایی,44,2007-08-24,121788,0.13,آمریکا,فینیکس
E02990,Luna Collins,مهندس زیرساخت ابری,آی‌تی,تولید,زن,سیاه پوست,59,1993-11-19,92216,0.0,آمریکا,شیکاگو
E02991,John Campos,مهندس توسعه,مهندسی,تولید,مرد,لاتین,34,2021-02-25,104586,0.0,برزیل,سائو پائولو
E02992,Charlotte Banks,مهندس فنی,حسابداری,شرکت‌های بزرگ,زن,سیاه پوست,45,2002-12-23,70439,0.0,آمریکا,فینیکس
E02993,Miles Liu,تحلیلگر,حسابداری,تحقیق و توسعه,مرد,آسیایی,35,2021-05-25,52232,0.0,آمریکا,کلمبوس
E02994,Violet Duong,معاونت,بازاریابی,محصولات تخصصی,زن,آسیایی,42,2014-09-22,226646,0.31,آمریکا,آستین
E02995,Isaac Xiong,مدیر,حسابداری,محصولات تخصصی,مرد,آسیایی,38,2012-10-28,152253,0.12,آمریکا,سیاتل
E02996,Ian Le,معاونت,مهندسی,محصولات تخصصی,مرد,آسیایی,46,2007-08-28,195471,0.36,آمریکا,فینیکس
E02997,Melody Delgado,مهندس شبکه,آی‌تی,محصولات تخصصی,زن,لاتین,48,2012-11-28,71632,0.0,برزیل,ریو دو ژانیرو
E02998,Eliza Bui,تحلیلگر,حسابداری,شرکت‌های بزرگ,زن,آسیایی,63,2010-06-13,45337,0.0,آمریکا,سیاتل
E02999,Layla Wu,مهندس فنی,حسابداری,تحقیق و توسعه,زن,آسیایی,31,2018-08-27,89573,0.0,آمریکا,میامی
E03000,Thomas Lam,مهندس کنترل,مهندسی,تولید,مرد,آسیایی,52,2022-11-18,75775,0.0,آمریکا,سیاتل
E03001,Willow Taylor,مهندس فنی,حسابداری,شرکت‌های بزرگ,زن,سیاه پوست,27,2021-02-08,51321,0.0,آمریکا,سیاتل
